ID,Gender,InterpYears,Promoted,TimeSpentAtRank,Left,STEM,CurrRank,Age,RetirementAge
1,Female,1992,0,1,0,nonSTEM,1,35,0
1,Female,1993,0,2,0,nonSTEM,1,36,0
1,Female,1994,0,3,0,nonSTEM,1,37,0
1,Female,1995,0,4,0,nonSTEM,1,38,0
1,Female,1996,0,5,1,nonSTEM,1,39,0
2,Male,2008,0,1,0,nonSTEM,1,31,0
2,Male,2009,0,2,0,nonSTEM,1,32,0
2,Male,2010,0,3,0,nonSTEM,1,33,0
2,Male,2011,1,4,0,nonSTEM,1,34,0
2,Male,2012,0,1,0,nonSTEM,2,35,0
2,Male,2013,0,2,0,nonSTEM,2,36,0
2,Male,2014,0,3,0,nonSTEM,2,37,0
2,Male,2015,0,4,0,nonSTEM,2,38,0
2,Male,2016,0,5,0,nonSTEM,2,39,0
2,Male,2017,0,6,0,nonSTEM,2,40,0
2,Male,2018,0,7,0,nonSTEM,2,41,0
2,Male,2019,1,8,0,nonSTEM,2,42,0
2,Male,2020,0,1,0,nonSTEM,3,43,0
2,Male,2021,0,2,0,nonSTEM,3,44,0
2,Male,2022,0,3,0,nonSTEM,3,45,0
2,Male,2023,0,4,0,nonSTEM,3,46,0
2,Male,2024,0,5,0,nonSTEM,3,47,0
2,Male,2025,0,6,1,nonSTEM,3,48,0
3,Male,2011,0,1,0,STEM,1,32,0
3,Male,2012,0,2,0,STEM,1,33,0
3,Male,2013,0,3,0,STEM,1,34,0
3,Male,2014,0,4,0,STEM,1,35,0
3,Male,2015,0,5,0,STEM,1,36,0
3,Male,2016,0,6,0,STEM,1,37,0
3,Male,2017,1,7,0,STEM,1,38,0
3,Male,2018,0,1,0,STEM,2,39,0
3,Male,2019,0,2,0,STEM,2,40,0
3,Male,2020,0,3,0,STEM,2,41,0
3,Male,2021,0,4,0,STEM,2,42,0
3,Male,2022,0,5,0,STEM,2,43,0
3,Male,2023,1,6,0,STEM,2,44,0
3,Male,2024,0,1,0,STEM,3,45,0
3,Male,2025,1,2,1,STEM,3,46,0
4,Female,1995,0,1,0,nonSTEM,1,28,0
4,Female,1996,0,2,0,nonSTEM,1,29,0
4,Female,1997,0,3,0,nonSTEM,1,30,0
4,Female,1998,0,4,0,nonSTEM,1,31,0
4,Female,1999,0,5,0,nonSTEM,1,32,0
4,Female,2000,0,6,0,nonSTEM,1,33,0
4,Female,2001,0,7,0,nonSTEM,1,34,0
4,Female,2002,0,8,0,nonSTEM,1,35,0
4,Female,2003,0,9,0,nonSTEM,1,36,0
4,Female,2004,1,10,0,nonSTEM,1,37,0
4,Female,2005,0,1,0,nonSTEM,2,38,0
4,Female,2006,0,2,0,nonSTEM,2,39,0
4,Female,2007,0,3,0,nonSTEM,2,40,0
4,Female,2008,0,4,0,nonSTEM,2,41,0
4,Female,2009,0,5,1,nonSTEM,2,42,0
5,Male,2012,0,1,0,nonSTEM,1,27,0
5,Male,2013,0,2,0,nonSTEM,1,28,0
5,Male,2014,0,3,0,nonSTEM,1,29,0
5,Male,2015,0,4,0,nonSTEM,1,30,0
5,Male,2016,0,5,0,nonSTEM,1,31,0
5,Male,2017,0,6,0,nonSTEM,1,32,0
5,Male,2018,0,7,0,nonSTEM,1,33,0
5,Male,2019,1,8,0,nonSTEM,1,34,0
5,Male,2020,1,1,0,nonSTEM,2,35,0
5,Male,2021,0,1,0,nonSTEM,3,36,0
5,Male,2022,0,2,0,nonSTEM,3,37,0
5,Male,2023,0,3,0,nonSTEM,3,38,0
5,Male,2024,0,4,0,nonSTEM,3,39,0
5,Male,2025,0,5,1,nonSTEM,3,40,0
6,Male,1991,0,1,0,nonSTEM,1,32,0
6,Male,1992,0,2,0,nonSTEM,1,33,0
6,Male,1993,0,3,0,nonSTEM,1,34,0
6,Male,1994,1,4,0,nonSTEM,1,35,0
6,Male,1995,0,1,0,nonSTEM,2,36,0
6,Male,1996,0,2,0,nonSTEM,2,37,0
6,Male,1997,0,3,0,nonSTEM,2,38,0
6,Male,1998,0,4,0,nonSTEM,2,39,0
6,Male,1999,0,5,0,nonSTEM,2,40,0
6,Male,2000,0,6,0,nonSTEM,2,41,0
6,Male,2001,0,7,0,nonSTEM,2,42,0
6,Male,2002,0,8,0,nonSTEM,2,43,0
6,Male,2003,0,9,0,nonSTEM,2,44,0
6,Male,2004,1,10,0,nonSTEM,2,45,0
6,Male,2005,0,1,0,nonSTEM,3,46,0
6,Male,2006,0,2,0,nonSTEM,3,47,0
6,Male,2007,0,3,1,nonSTEM,3,48,0
7,Male,2004,0,1,0,STEM,1,31,0
7,Male,2005,0,2,0,STEM,1,32,0
7,Male,2006,0,3,0,STEM,1,33,0
7,Male,2007,0,4,0,STEM,1,34,0
7,Male,2008,0,5,0,STEM,1,35,0
7,Male,2009,0,6,0,STEM,1,36,0
7,Male,2010,1,7,1,STEM,1,37,0
8,Male,1994,0,1,0,STEM,1,35,0
8,Male,1995,0,2,0,STEM,1,36,0
8,Male,1996,0,3,0,STEM,1,37,0
8,Male,1997,1,4,0,STEM,1,38,0
8,Male,1998,0,1,0,STEM,2,39,0
8,Male,1999,0,2,0,STEM,2,40,0
8,Male,2000,0,3,0,STEM,2,41,0
8,Male,2001,0,4,0,STEM,2,42,0
8,Male,2002,1,5,0,STEM,2,43,0
8,Male,2003,0,1,0,STEM,3,44,0
8,Male,2004,0,2,0,STEM,3,45,0
8,Male,2005,0,3,0,STEM,3,46,0
8,Male,2006,0,4,0,STEM,3,47,0
8,Male,2007,0,5,0,STEM,3,48,0
8,Male,2008,0,6,0,STEM,3,49,0
8,Male,2009,0,7,0,STEM,3,50,0
8,Male,2010,0,8,0,STEM,3,51,0
8,Male,2011,0,9,0,STEM,3,52,0
8,Male,2012,1,10,0,STEM,3,53,0
8,Male,2013,0,1,0,STEM,4,54,0
8,Male,2014,0,2,0,STEM,4,55,0
8,Male,2015,0,3,0,STEM,4,56,0
8,Male,2016,0,4,1,STEM,4,57,0
9,Male,1997,0,1,0,STEM,1,29,0
9,Male,1998,0,2,0,STEM,1,30,0
9,Male,1999,0,3,0,STEM,1,31,0
9,Male,2000,1,4,0,STEM,1,32,0
9,Male,2001,0,1,0,STEM,2,33,0
9,Male,2002,0,2,0,STEM,2,34,0
9,Male,2003,0,3,0,STEM,2,35,0
9,Male,2004,0,4,0,STEM,2,36,0
9,Male,2005,0,5,0,STEM,2,37,0
9,Male,2006,1,6,0,STEM,2,38,0
9,Male,2007,0,1,0,STEM,3,39,0
9,Male,2008,0,2,0,STEM,3,40,0
9,Male,2009,0,3,0,STEM,3,41,0
9,Male,2010,0,4,0,STEM,3,42,0
9,Male,2011,0,5,0,STEM,3,43,0
9,Male,2012,0,6,0,STEM,3,44,0
9,Male,2013,0,7,0,STEM,3,45,0
9,Male,2014,0,8,0,STEM,3,46,0
9,Male,2015,0,9,0,STEM,3,47,0
9,Male,2016,1,10,0,STEM,3,48,0
9,Male,2017,0,1,0,STEM,4,49,0
9,Male,2018,0,2,0,STEM,4,50,0
9,Male,2019,0,3,0,STEM,4,51,0
9,Male,2020,0,4,0,STEM,4,52,0
9,Male,2021,0,5,1,STEM,4,53,0
10,Male,1990,0,1,0,STEM,1,29,0
10,Male,1991,0,2,0,STEM,1,30,0
10,Male,1992,0,3,0,STEM,1,31,0
10,Male,1993,0,4,0,STEM,1,32,0
10,Male,1994,0,5,0,STEM,1,33,0
10,Male,1995,0,6,0,STEM,1,34,0
10,Male,1996,0,7,0,STEM,1,35,0
10,Male,1997,1,8,0,STEM,1,36,0
10,Male,1998,0,1,0,STEM,2,37,0
10,Male,1999,0,2,0,STEM,2,38,0
10,Male,2000,0,3,0,STEM,2,39,0
10,Male,2001,0,4,0,STEM,2,40,0
10,Male,2002,1,5,0,STEM,2,41,0
10,Male,2003,0,1,0,STEM,3,42,0
10,Male,2004,0,2,0,STEM,3,43,0
10,Male,2005,0,3,0,STEM,3,44,0
10,Male,2006,0,4,0,STEM,3,45,0
10,Male,2007,0,5,0,STEM,3,46,0
10,Male,2008,0,6,0,STEM,3,47,0
10,Male,2009,0,7,0,STEM,3,48,0
10,Male,2010,0,8,1,STEM,3,49,0
11,Female,1997,0,1,0,nonSTEM,1,37,0
11,Female,1998,0,2,0,nonSTEM,1,38,0
11,Female,1999,0,3,0,nonSTEM,1,39,0
11,Female,2000,1,4,0,nonSTEM,1,40,0
11,Female,2001,0,1,0,nonSTEM,2,41,0
11,Female,2002,0,2,0,nonSTEM,2,42,0
11,Female,2003,0,3,0,nonSTEM,2,43,0
11,Female,2004,0,4,0,nonSTEM,2,44,0
11,Female,2005,0,5,0,nonSTEM,2,45,0
11,Female,2006,0,6,0,nonSTEM,2,46,0
11,Female,2007,0,7,0,nonSTEM,2,47,0
11,Female,2008,1,8,0,nonSTEM,2,48,0
11,Female,2009,0,1,0,nonSTEM,3,49,0
11,Female,2010,0,2,0,nonSTEM,3,50,0
11,Female,2011,0,3,0,nonSTEM,3,51,0
11,Female,2012,0,4,0,nonSTEM,3,52,0
11,Female,2013,0,5,0,nonSTEM,3,53,0
11,Female,2014,0,6,0,nonSTEM,3,54,0
11,Female,2015,0,7,0,nonSTEM,3,55,0
11,Female,2016,0,8,0,nonSTEM,3,56,0
11,Female,2017,0,9,0,nonSTEM,3,57,0
11,Female,2018,0,10,1,nonSTEM,3,58,0
12,Female,1998,0,1,0,STEM,1,30,0
12,Female,1999,0,2,0,STEM,1,31,0
12,Female,2000,0,3,0,STEM,1,32,0
12,Female,2001,0,4,0,STEM,1,33,0
12,Female,2002,0,5,0,STEM,1,34,0
12,Female,2003,0,6,0,STEM,1,35,0
12,Female,2004,0,7,0,STEM,1,36,0
12,Female,2005,0,8,0,STEM,1,37,0
12,Female,2006,0,9,0,STEM,1,38,0
12,Female,2007,1,10,0,STEM,1,39,0
12,Female,2008,0,1,0,STEM,2,40,0
12,Female,2009,1,2,0,STEM,2,41,0
12,Female,2010,0,1,0,STEM,3,42,0
12,Female,2011,0,2,0,STEM,3,43,0
12,Female,2012,0,3,0,STEM,3,44,0
12,Female,2013,0,4,1,STEM,3,45,0
13,Male,1993,0,1,0,STEM,1,29,0
13,Male,1994,0,2,0,STEM,1,30,0
13,Male,1995,0,3,0,STEM,1,31,0
13,Male,1996,0,4,0,STEM,1,32,0
13,Male,1997,1,5,0,STEM,1,33,0
13,Male,1998,0,1,0,STEM,2,34,0
13,Male,1999,0,2,0,STEM,2,35,0
13,Male,2000,0,3,0,STEM,2,36,0
13,Male,2001,0,4,0,STEM,2,37,0
13,Male,2002,0,5,0,STEM,2,38,0
13,Male,2003,1,6,0,STEM,2,39,0
13,Male,2004,0,1,0,STEM,3,40,0
13,Male,2005,0,2,0,STEM,3,41,0
13,Male,2006,0,3,0,STEM,3,42,0
13,Male,2007,0,4,0,STEM,3,43,0
13,Male,2008,0,5,0,STEM,3,44,0
13,Male,2009,0,6,0,STEM,3,45,0
13,Male,2010,0,7,0,STEM,3,46,0
13,Male,2011,1,8,0,STEM,3,47,0
13,Male,2012,0,1,0,STEM,4,48,0
13,Male,2013,0,2,0,STEM,4,49,0
13,Male,2014,0,3,0,STEM,4,50,0
13,Male,2015,0,4,0,STEM,4,51,0
13,Male,2016,0,5,0,STEM,4,52,0
13,Male,2017,0,6,1,STEM,4,53,0
14,Male,2000,0,1,0,STEM,1,31,0
14,Male,2001,0,2,0,STEM,1,32,0
14,Male,2002,0,3,0,STEM,1,33,0
14,Male,2003,0,4,0,STEM,1,34,0
14,Male,2004,0,5,0,STEM,1,35,0
14,Male,2005,0,6,0,STEM,1,36,0
14,Male,2006,0,7,0,STEM,1,37,0
14,Male,2007,1,8,0,STEM,1,38,0
14,Male,2008,0,1,0,STEM,2,39,0
14,Male,2009,0,2,0,STEM,2,40,0
14,Male,2010,0,3,0,STEM,2,41,0
14,Male,2011,0,4,0,STEM,2,42,0
14,Male,2012,0,5,0,STEM,2,43,0
14,Male,2013,1,6,1,STEM,2,44,0
15,Male,1992,0,1,0,STEM,1,27,0
15,Male,1993,0,2,0,STEM,1,28,0
15,Male,1994,0,3,0,STEM,1,29,0
15,Male,1995,0,4,0,STEM,1,30,0
15,Male,1996,0,5,0,STEM,1,31,0
15,Male,1997,0,6,0,STEM,1,32,0
15,Male,1998,0,7,0,STEM,1,33,0
15,Male,1999,0,8,0,STEM,1,34,0
15,Male,2000,0,9,0,STEM,1,35,0
15,Male,2001,1,10,0,STEM,1,36,0
15,Male,2002,0,1,0,STEM,2,37,0
15,Male,2003,0,2,0,STEM,2,38,0
15,Male,2004,0,3,0,STEM,2,39,0
15,Male,2005,0,4,0,STEM,2,40,0
15,Male,2006,0,5,0,STEM,2,41,0
15,Male,2007,0,6,0,STEM,2,42,0
15,Male,2008,1,7,0,STEM,2,43,0
15,Male,2009,0,1,0,STEM,3,44,0
15,Male,2010,0,2,1,STEM,3,45,0
16,Male,2012,0,1,0,STEM,1,26,0
16,Male,2013,0,2,0,STEM,1,27,0
16,Male,2014,0,3,0,STEM,1,28,0
16,Male,2015,0,4,0,STEM,1,29,0
16,Male,2016,0,5,0,STEM,1,30,0
16,Male,2017,0,6,0,STEM,1,31,0
16,Male,2018,1,7,0,STEM,1,32,0
16,Male,2019,0,1,0,STEM,2,33,0
16,Male,2020,0,2,0,STEM,2,34,0
16,Male,2021,0,3,0,STEM,2,35,0
16,Male,2022,0,4,0,STEM,2,36,0
16,Male,2023,0,5,0,STEM,2,37,0
16,Male,2024,0,6,0,STEM,2,38,0
16,Male,2025,0,7,1,STEM,2,39,0
17,Male,2006,0,1,0,nonSTEM,1,27,0
17,Male,2007,0,2,0,nonSTEM,1,28,0
17,Male,2008,0,3,0,nonSTEM,1,29,0
17,Male,2009,1,4,0,nonSTEM,1,30,0
17,Male,2010,0,1,0,nonSTEM,2,31,0
17,Male,2011,0,2,0,nonSTEM,2,32,0
17,Male,2012,0,3,0,nonSTEM,2,33,0
17,Male,2013,0,4,0,nonSTEM,2,34,0
17,Male,2014,0,5,0,nonSTEM,2,35,0
17,Male,2015,0,6,0,nonSTEM,2,36,0
17,Male,2016,0,7,0,nonSTEM,2,37,0
17,Male,2017,0,8,0,nonSTEM,2,38,0
17,Male,2018,1,9,0,nonSTEM,2,39,0
17,Male,2019,0,1,0,nonSTEM,3,40,0
17,Male,2020,0,2,0,nonSTEM,3,41,0
17,Male,2021,0,3,1,nonSTEM,3,42,0
18,Male,2008,0,1,0,STEM,1,32,0
18,Male,2009,0,2,0,STEM,1,33,0
18,Male,2010,0,3,0,STEM,1,34,0
18,Male,2011,0,4,0,STEM,1,35,0
18,Male,2012,0,5,1,STEM,1,36,0
19,Female,2009,0,1,0,STEM,1,28,0
19,Female,2010,0,2,0,STEM,1,29,0
19,Female,2011,0,3,0,STEM,1,30,0
19,Female,2012,0,4,0,STEM,1,31,0
19,Female,2013,0,5,0,STEM,1,32,0
19,Female,2014,0,6,0,STEM,1,33,0
19,Female,2015,1,7,0,STEM,1,34,0
19,Female,2016,0,1,0,STEM,2,35,0
19,Female,2017,0,2,0,STEM,2,36,0
19,Female,2018,0,3,0,STEM,2,37,0
19,Female,2019,0,4,0,STEM,2,38,0
19,Female,2020,0,5,0,STEM,2,39,0
19,Female,2021,0,6,0,STEM,2,40,0
19,Female,2022,0,7,0,STEM,2,41,0
19,Female,2023,0,8,0,STEM,2,42,0
19,Female,2024,0,9,0,STEM,2,43,0
19,Female,2025,0,10,1,STEM,2,44,0
20,Female,1992,0,1,0,nonSTEM,1,33,0
20,Female,1993,0,2,0,nonSTEM,1,34,0
20,Female,1994,0,3,0,nonSTEM,1,35,0
20,Female,1995,0,4,0,nonSTEM,1,36,0
20,Female,1996,0,5,0,nonSTEM,1,37,0
20,Female,1997,1,6,0,nonSTEM,1,38,0
20,Female,1998,0,1,0,nonSTEM,2,39,0
20,Female,1999,0,2,0,nonSTEM,2,40,0
20,Female,2000,1,3,0,nonSTEM,2,41,0
20,Female,2001,0,1,0,nonSTEM,3,42,0
20,Female,2002,0,2,0,nonSTEM,3,43,0
20,Female,2003,0,3,0,nonSTEM,3,44,0
20,Female,2004,0,4,0,nonSTEM,3,45,0
20,Female,2005,0,5,0,nonSTEM,3,46,0
20,Female,2006,0,6,0,nonSTEM,3,47,0
20,Female,2007,0,7,0,nonSTEM,3,48,0
20,Female,2008,0,8,0,nonSTEM,3,49,0
20,Female,2009,0,9,0,nonSTEM,3,50,0
20,Female,2010,0,10,0,nonSTEM,3,51,0
20,Female,2011,0,11,0,nonSTEM,3,52,0
20,Female,2012,0,12,0,nonSTEM,3,53,0
20,Female,2013,0,13,0,nonSTEM,3,54,0
20,Female,2014,1,14,0,nonSTEM,3,55,0
20,Female,2015,0,1,0,nonSTEM,4,56,0
20,Female,2016,0,2,0,nonSTEM,4,57,0
20,Female,2017,0,3,0,nonSTEM,4,58,0
20,Female,2018,0,4,1,nonSTEM,4,59,0
21,Female,2006,1,1,0,nonSTEM,1,33,0
21,Female,2007,0,1,0,nonSTEM,2,34,0
21,Female,2008,0,2,0,nonSTEM,2,35,0
21,Female,2009,0,3,0,nonSTEM,2,36,0
21,Female,2010,0,4,0,nonSTEM,2,37,0
21,Female,2011,0,5,0,nonSTEM,2,38,0
21,Female,2012,0,6,0,nonSTEM,2,39,0
21,Female,2013,1,7,0,nonSTEM,2,40,0
21,Female,2014,1,1,0,nonSTEM,3,41,0
21,Female,2015,0,1,0,nonSTEM,4,42,0
21,Female,2016,0,2,0,nonSTEM,4,43,0
21,Female,2017,0,3,0,nonSTEM,4,44,0
21,Female,2018,0,4,0,nonSTEM,4,45,0
21,Female,2019,0,5,0,nonSTEM,4,46,0
21,Female,2020,0,6,0,nonSTEM,4,47,0
21,Female,2021,0,7,0,nonSTEM,4,48,0
21,Female,2022,0,8,0,nonSTEM,4,49,0
21,Female,2023,0,9,0,nonSTEM,4,50,0
21,Female,2024,0,10,1,nonSTEM,4,51,0
22,Male,1992,0,1,0,STEM,1,27,0
22,Male,1993,0,2,0,STEM,1,28,0
22,Male,1994,0,3,0,STEM,1,29,0
22,Male,1995,0,4,0,STEM,1,30,0
22,Male,1996,0,5,0,STEM,1,31,0
22,Male,1997,0,6,0,STEM,1,32,0
22,Male,1998,0,7,1,STEM,1,33,0
23,Male,2004,0,1,0,STEM,1,35,0
23,Male,2005,0,2,0,STEM,1,36,0
23,Male,2006,0,3,0,STEM,1,37,0
23,Male,2007,0,4,0,STEM,1,38,0
23,Male,2008,0,5,0,STEM,1,39,0
23,Male,2009,0,6,0,STEM,1,40,0
23,Male,2010,0,7,0,STEM,1,41,0
23,Male,2011,1,8,0,STEM,1,42,0
23,Male,2012,0,1,0,STEM,2,43,0
23,Male,2013,0,2,0,STEM,2,44,0
23,Male,2014,0,3,0,STEM,2,45,0
23,Male,2015,0,4,1,STEM,2,46,0
24,Male,2007,0,1,0,STEM,1,29,0
24,Male,2008,0,2,0,STEM,1,30,0
24,Male,2009,0,3,0,STEM,1,31,0
24,Male,2010,0,4,0,STEM,1,32,0
24,Male,2011,1,5,0,STEM,1,33,0
24,Male,2012,0,1,0,STEM,2,34,0
24,Male,2013,0,2,0,STEM,2,35,0
24,Male,2014,0,3,0,STEM,2,36,0
24,Male,2015,0,4,0,STEM,2,37,0
24,Male,2016,0,5,1,STEM,2,38,0
25,Female,2008,0,1,0,STEM,1,32,0
25,Female,2009,0,2,0,STEM,1,33,0
25,Female,2010,0,3,0,STEM,1,34,0
25,Female,2011,0,4,0,STEM,1,35,0
25,Female,2012,0,5,0,STEM,1,36,0
25,Female,2013,0,6,0,STEM,1,37,0
25,Female,2014,0,7,0,STEM,1,38,0
25,Female,2015,1,8,0,STEM,1,39,0
25,Female,2016,0,1,0,STEM,2,40,0
25,Female,2017,0,2,0,STEM,2,41,0
25,Female,2018,0,3,0,STEM,2,42,0
25,Female,2019,0,4,0,STEM,2,43,0
25,Female,2020,0,5,0,STEM,2,44,0
25,Female,2021,0,6,0,STEM,2,45,0
25,Female,2022,0,7,0,STEM,2,46,0
25,Female,2023,1,8,0,STEM,2,47,0
25,Female,2024,0,1,0,STEM,3,48,0
25,Female,2025,0,2,1,STEM,3,49,0
26,Female,2000,0,1,0,nonSTEM,1,33,0
26,Female,2001,0,2,0,nonSTEM,1,34,0
26,Female,2002,0,3,0,nonSTEM,1,35,0
26,Female,2003,0,4,0,nonSTEM,1,36,0
26,Female,2004,0,5,0,nonSTEM,1,37,0
26,Female,2005,0,6,0,nonSTEM,1,38,0
26,Female,2006,0,7,0,nonSTEM,1,39,0
26,Female,2007,0,8,0,nonSTEM,1,40,0
26,Female,2008,0,9,0,nonSTEM,1,41,0
26,Female,2009,1,10,0,nonSTEM,1,42,0
26,Female,2010,0,1,0,nonSTEM,2,43,0
26,Female,2011,0,2,0,nonSTEM,2,44,0
26,Female,2012,0,3,0,nonSTEM,2,45,0
26,Female,2013,0,4,0,nonSTEM,2,46,0
26,Female,2014,0,5,0,nonSTEM,2,47,0
26,Female,2015,0,6,0,nonSTEM,2,48,0
26,Female,2016,1,7,0,nonSTEM,2,49,0
26,Female,2017,0,1,0,nonSTEM,3,50,0
26,Female,2018,0,2,0,nonSTEM,3,51,0
26,Female,2019,0,3,0,nonSTEM,3,52,0
26,Female,2020,0,4,0,nonSTEM,3,53,0
26,Female,2021,0,5,1,nonSTEM,3,54,0
27,Male,2001,0,1,0,nonSTEM,1,29,0
27,Male,2002,0,2,0,nonSTEM,1,30,0
27,Male,2003,0,3,0,nonSTEM,1,31,0
27,Male,2004,1,4,0,nonSTEM,1,32,0
27,Male,2005,0,1,0,nonSTEM,2,33,0
27,Male,2006,0,2,0,nonSTEM,2,34,0
27,Male,2007,0,3,1,nonSTEM,2,35,0
28,Female,2012,0,1,0,STEM,1,34,0
28,Female,2013,0,2,0,STEM,1,35,0
28,Female,2014,1,3,0,STEM,1,36,0
28,Female,2015,0,1,0,STEM,2,37,0
28,Female,2016,0,2,0,STEM,2,38,0
28,Female,2017,0,3,0,STEM,2,39,0
28,Female,2018,0,4,1,STEM,2,40,0
29,Female,1995,0,1,0,nonSTEM,1,30,0
29,Female,1996,0,2,0,nonSTEM,1,31,0
29,Female,1997,0,3,0,nonSTEM,1,32,0
29,Female,1998,0,4,0,nonSTEM,1,33,0
29,Female,1999,0,5,0,nonSTEM,1,34,0
29,Female,2000,0,6,0,nonSTEM,1,35,0
29,Female,2001,0,7,0,nonSTEM,1,36,0
29,Female,2002,1,8,0,nonSTEM,1,37,0
29,Female,2003,0,1,0,nonSTEM,2,38,0
29,Female,2004,0,2,0,nonSTEM,2,39,0
29,Female,2005,0,3,0,nonSTEM,2,40,0
29,Female,2006,0,4,0,nonSTEM,2,41,0
29,Female,2007,0,5,0,nonSTEM,2,42,0
29,Female,2008,0,6,0,nonSTEM,2,43,0
29,Female,2009,0,7,0,nonSTEM,2,44,0
29,Female,2010,0,8,0,nonSTEM,2,45,0
29,Female,2011,1,9,0,nonSTEM,2,46,0
29,Female,2012,0,1,0,nonSTEM,3,47,0
29,Female,2013,0,2,0,nonSTEM,3,48,0
29,Female,2014,0,3,0,nonSTEM,3,49,0
29,Female,2015,0,4,0,nonSTEM,3,50,0
29,Female,2016,0,5,0,nonSTEM,3,51,0
29,Female,2017,0,6,0,nonSTEM,3,52,0
29,Female,2018,0,7,0,nonSTEM,3,53,0
29,Female,2019,0,8,0,nonSTEM,3,54,0
29,Female,2020,0,9,0,nonSTEM,3,55,0
29,Female,2021,0,10,1,nonSTEM,3,56,0
30,Female,2012,0,1,0,nonSTEM,1,33,0
30,Female,2013,0,2,0,nonSTEM,1,34,0
30,Female,2014,0,3,0,nonSTEM,1,35,0
30,Female,2015,0,4,0,nonSTEM,1,36,0
30,Female,2016,0,5,0,nonSTEM,1,37,0
30,Female,2017,0,6,0,nonSTEM,1,38,0
30,Female,2018,0,7,0,nonSTEM,1,39,0
30,Female,2019,1,8,0,nonSTEM,1,40,0
30,Female,2020,0,1,0,nonSTEM,2,41,0
30,Female,2021,0,2,0,nonSTEM,2,42,0
30,Female,2022,0,3,0,nonSTEM,2,43,0
30,Female,2023,0,4,0,nonSTEM,2,44,0
30,Female,2024,0,5,0,nonSTEM,2,45,0
30,Female,2025,0,6,1,nonSTEM,2,46,0
31,Male,2001,1,1,0,nonSTEM,1,32,0
31,Male,2002,0,1,0,nonSTEM,2,33,0
31,Male,2003,0,2,0,nonSTEM,2,34,0
31,Male,2004,0,3,0,nonSTEM,2,35,0
31,Male,2005,0,4,0,nonSTEM,2,36,0
31,Male,2006,0,5,0,nonSTEM,2,37,0
31,Male,2007,0,6,1,nonSTEM,2,38,0
32,Female,1998,0,1,0,nonSTEM,1,25,0
32,Female,1999,0,2,0,nonSTEM,1,26,0
32,Female,2000,0,3,0,nonSTEM,1,27,0
32,Female,2001,0,4,0,nonSTEM,1,28,0
32,Female,2002,0,5,0,nonSTEM,1,29,0
32,Female,2003,0,6,0,nonSTEM,1,30,0
32,Female,2004,0,7,0,nonSTEM,1,31,0
32,Female,2005,0,8,0,nonSTEM,1,32,0
32,Female,2006,0,9,1,nonSTEM,1,33,0
33,Male,1998,0,1,0,nonSTEM,1,26,0
33,Male,1999,0,2,0,nonSTEM,1,27,0
33,Male,2000,0,3,0,nonSTEM,1,28,0
33,Male,2001,0,4,0,nonSTEM,1,29,0
33,Male,2002,0,5,0,nonSTEM,1,30,0
33,Male,2003,0,6,0,nonSTEM,1,31,0
33,Male,2004,1,7,0,nonSTEM,1,32,0
33,Male,2005,0,1,0,nonSTEM,2,33,0
33,Male,2006,0,2,0,nonSTEM,2,34,0
33,Male,2007,0,3,0,nonSTEM,2,35,0
33,Male,2008,0,4,0,nonSTEM,2,36,0
33,Male,2009,0,5,0,nonSTEM,2,37,0
33,Male,2010,0,6,0,nonSTEM,2,38,0
33,Male,2011,1,7,0,nonSTEM,2,39,0
33,Male,2012,0,1,1,nonSTEM,3,40,0
34,Female,1991,0,1,0,nonSTEM,1,34,0
34,Female,1992,0,2,0,nonSTEM,1,35,0
34,Female,1993,0,3,0,nonSTEM,1,36,0
34,Female,1994,0,4,0,nonSTEM,1,37,0
34,Female,1995,0,5,0,nonSTEM,1,38,0
34,Female,1996,0,6,0,nonSTEM,1,39,0
34,Female,1997,1,7,0,nonSTEM,1,40,0
34,Female,1998,0,1,0,nonSTEM,2,41,0
34,Female,1999,0,2,0,nonSTEM,2,42,0
34,Female,2000,1,3,0,nonSTEM,2,43,0
34,Female,2001,0,1,0,nonSTEM,3,44,0
34,Female,2002,0,2,1,nonSTEM,3,45,0
35,Female,2004,0,1,0,STEM,1,25,0
35,Female,2005,0,2,0,STEM,1,26,0
35,Female,2006,0,3,0,STEM,1,27,0
35,Female,2007,0,4,0,STEM,1,28,0
35,Female,2008,0,5,0,STEM,1,29,0
35,Female,2009,1,6,0,STEM,1,30,0
35,Female,2010,0,1,0,STEM,2,31,0
35,Female,2011,0,2,0,STEM,2,32,0
35,Female,2012,0,3,0,STEM,2,33,0
35,Female,2013,0,4,0,STEM,2,34,0
35,Female,2014,0,5,0,STEM,2,35,0
35,Female,2015,0,6,0,STEM,2,36,0
35,Female,2016,0,7,0,STEM,2,37,0
35,Female,2017,1,8,0,STEM,2,38,0
35,Female,2018,0,1,0,STEM,3,39,0
35,Female,2019,0,2,0,STEM,3,40,0
35,Female,2020,0,3,0,STEM,3,41,0
35,Female,2021,0,4,0,STEM,3,42,0
35,Female,2022,0,5,0,STEM,3,43,0
35,Female,2023,0,6,0,STEM,3,44,0
35,Female,2024,0,7,0,STEM,3,45,0
35,Female,2025,0,8,1,STEM,3,46,0
36,Male,1999,0,1,0,STEM,1,32,0
36,Male,2000,0,2,0,STEM,1,33,0
36,Male,2001,0,3,0,STEM,1,34,0
36,Male,2002,0,4,0,STEM,1,35,0
36,Male,2003,0,5,0,STEM,1,36,0
36,Male,2004,0,6,0,STEM,1,37,0
36,Male,2005,0,7,0,STEM,1,38,0
36,Male,2006,1,8,0,STEM,1,39,0
36,Male,2007,0,1,0,STEM,2,40,0
36,Male,2008,0,2,0,STEM,2,41,0
36,Male,2009,0,3,0,STEM,2,42,0
36,Male,2010,0,4,0,STEM,2,43,0
36,Male,2011,0,5,0,STEM,2,44,0
36,Male,2012,0,6,0,STEM,2,45,0
36,Male,2013,0,7,0,STEM,2,46,0
36,Male,2014,0,8,0,STEM,2,47,0
36,Male,2015,1,9,0,STEM,2,48,0
36,Male,2016,0,1,0,STEM,3,49,0
36,Male,2017,0,2,0,STEM,3,50,0
36,Male,2018,0,3,1,STEM,3,51,0
37,Female,1996,0,1,0,STEM,1,34,0
37,Female,1997,0,2,0,STEM,1,35,0
37,Female,1998,0,3,0,STEM,1,36,0
37,Female,1999,0,4,0,STEM,1,37,0
37,Female,2000,0,5,0,STEM,1,38,0
37,Female,2001,0,6,0,STEM,1,39,0
37,Female,2002,0,7,0,STEM,1,40,0
37,Female,2003,1,8,0,STEM,1,41,0
37,Female,2004,0,1,0,STEM,2,42,0
37,Female,2005,0,2,0,STEM,2,43,0
37,Female,2006,0,3,0,STEM,2,44,0
37,Female,2007,0,4,0,STEM,2,45,0
37,Female,2008,0,5,0,STEM,2,46,0
37,Female,2009,0,6,0,STEM,2,47,0
37,Female,2010,1,7,0,STEM,2,48,0
37,Female,2011,0,1,1,STEM,3,49,0
38,Male,2011,0,1,0,STEM,1,25,0
38,Male,2012,0,2,0,STEM,1,26,0
38,Male,2013,0,3,0,STEM,1,27,0
38,Male,2014,1,4,0,STEM,1,28,0
38,Male,2015,0,1,0,STEM,2,29,0
38,Male,2016,0,2,0,STEM,2,30,0
38,Male,2017,0,3,0,STEM,2,31,0
38,Male,2018,0,4,0,STEM,2,32,0
38,Male,2019,0,5,0,STEM,2,33,0
38,Male,2020,0,6,0,STEM,2,34,0
38,Male,2021,0,7,1,STEM,2,35,0
39,Male,2001,0,1,0,STEM,1,33,0
39,Male,2002,0,2,0,STEM,1,34,0
39,Male,2003,0,3,0,STEM,1,35,0
39,Male,2004,0,4,0,STEM,1,36,0
39,Male,2005,0,5,0,STEM,1,37,0
39,Male,2006,0,6,0,STEM,1,38,0
39,Male,2007,1,7,0,STEM,1,39,0
39,Male,2008,0,1,0,STEM,2,40,0
39,Male,2009,0,2,0,STEM,2,41,0
39,Male,2010,0,3,0,STEM,2,42,0
39,Male,2011,0,4,0,STEM,2,43,0
39,Male,2012,0,5,0,STEM,2,44,0
39,Male,2013,0,6,0,STEM,2,45,0
39,Male,2014,0,7,0,STEM,2,46,0
39,Male,2015,1,8,0,STEM,2,47,0
39,Male,2016,0,1,0,STEM,3,48,0
39,Male,2017,0,2,1,STEM,3,49,0
40,Male,2013,1,1,0,STEM,1,30,0
40,Male,2014,0,1,0,STEM,2,31,0
40,Male,2015,0,2,0,STEM,2,32,0
40,Male,2016,0,3,0,STEM,2,33,0
40,Male,2017,0,4,0,STEM,2,34,0
40,Male,2018,0,5,0,STEM,2,35,0
40,Male,2019,0,6,0,STEM,2,36,0
40,Male,2020,0,7,0,STEM,2,37,0
40,Male,2021,0,8,0,STEM,2,38,0
40,Male,2022,1,9,0,STEM,2,39,0
40,Male,2023,0,1,0,STEM,3,40,0
40,Male,2024,0,2,0,STEM,3,41,0
40,Male,2025,0,3,1,STEM,3,42,0
41,Female,1996,0,1,0,nonSTEM,1,33,0
41,Female,1997,0,2,0,nonSTEM,1,34,0
41,Female,1998,0,3,0,nonSTEM,1,35,0
41,Female,1999,0,4,0,nonSTEM,1,36,0
41,Female,2000,0,5,0,nonSTEM,1,37,0
41,Female,2001,0,6,0,nonSTEM,1,38,0
41,Female,2002,0,7,0,nonSTEM,1,39,0
41,Female,2003,1,8,0,nonSTEM,1,40,0
41,Female,2004,0,1,0,nonSTEM,2,41,0
41,Female,2005,0,2,1,nonSTEM,2,42,0
42,Male,2014,0,1,0,STEM,1,25,0
42,Male,2015,0,2,0,STEM,1,26,0
42,Male,2016,0,3,0,STEM,1,27,0
42,Male,2017,0,4,0,STEM,1,28,0
42,Male,2018,1,5,0,STEM,1,29,0
42,Male,2019,0,1,0,STEM,2,30,0
42,Male,2020,0,2,0,STEM,2,31,0
42,Male,2021,0,3,0,STEM,2,32,0
42,Male,2022,0,4,0,STEM,2,33,0
42,Male,2023,0,5,0,STEM,2,34,0
42,Male,2024,1,6,0,STEM,2,35,0
42,Male,2025,0,1,1,STEM,3,36,0
43,Female,2004,0,1,0,STEM,1,32,0
43,Female,2005,0,2,0,STEM,1,33,0
43,Female,2006,0,3,0,STEM,1,34,0
43,Female,2007,0,4,0,STEM,1,35,0
43,Female,2008,0,5,0,STEM,1,36,0
43,Female,2009,1,6,0,STEM,1,37,0
43,Female,2010,0,1,0,STEM,2,38,0
43,Female,2011,0,2,0,STEM,2,39,0
43,Female,2012,0,3,0,STEM,2,40,0
43,Female,2013,0,4,0,STEM,2,41,0
43,Female,2014,0,5,0,STEM,2,42,0
43,Female,2015,1,6,0,STEM,2,43,0
43,Female,2016,0,1,0,STEM,3,44,0
43,Female,2017,0,2,0,STEM,3,45,0
43,Female,2018,0,3,0,STEM,3,46,0
43,Female,2019,0,4,0,STEM,3,47,0
43,Female,2020,0,5,0,STEM,3,48,0
43,Female,2021,0,6,0,STEM,3,49,0
43,Female,2022,0,7,0,STEM,3,50,0
43,Female,2023,0,8,0,STEM,3,51,0
43,Female,2024,0,9,0,STEM,3,52,0
43,Female,2025,0,10,1,STEM,3,53,0
44,Female,2016,1,1,0,nonSTEM,1,32,0
44,Female,2017,0,1,0,nonSTEM,2,33,0
44,Female,2018,0,2,0,nonSTEM,2,34,0
44,Female,2019,0,3,0,nonSTEM,2,35,0
44,Female,2020,0,4,0,nonSTEM,2,36,0
44,Female,2021,0,5,0,nonSTEM,2,37,0
44,Female,2022,0,6,0,nonSTEM,2,38,0
44,Female,2023,0,7,0,nonSTEM,2,39,0
44,Female,2024,1,8,0,nonSTEM,2,40,0
44,Female,2025,0,1,1,nonSTEM,3,41,0
45,Male,1999,0,1,0,STEM,1,27,0
45,Male,2000,0,2,0,STEM,1,28,0
45,Male,2001,0,3,0,STEM,1,29,0
45,Male,2002,0,4,0,STEM,1,30,0
45,Male,2003,0,5,1,STEM,1,31,0
46,Female,2002,0,1,0,nonSTEM,1,29,0
46,Female,2003,0,2,0,nonSTEM,1,30,0
46,Female,2004,0,3,0,nonSTEM,1,31,0
46,Female,2005,0,4,0,nonSTEM,1,32,0
46,Female,2006,0,5,0,nonSTEM,1,33,0
46,Female,2007,1,6,0,nonSTEM,1,34,0
46,Female,2008,0,1,0,nonSTEM,2,35,0
46,Female,2009,0,2,0,nonSTEM,2,36,0
46,Female,2010,0,3,0,nonSTEM,2,37,0
46,Female,2011,0,4,0,nonSTEM,2,38,0
46,Female,2012,0,5,0,nonSTEM,2,39,0
46,Female,2013,0,6,0,nonSTEM,2,40,0
46,Female,2014,0,7,0,nonSTEM,2,41,0
46,Female,2015,0,8,0,nonSTEM,2,42,0
46,Female,2016,0,9,1,nonSTEM,2,43,0
47,Female,1991,0,1,0,nonSTEM,1,31,0
47,Female,1992,0,2,0,nonSTEM,1,32,0
47,Female,1993,0,3,0,nonSTEM,1,33,0
47,Female,1994,0,4,0,nonSTEM,1,34,0
47,Female,1995,0,5,0,nonSTEM,1,35,0
47,Female,1996,0,6,0,nonSTEM,1,36,0
47,Female,1997,1,7,0,nonSTEM,1,37,0
47,Female,1998,0,1,0,nonSTEM,2,38,0
47,Female,1999,0,2,0,nonSTEM,2,39,0
47,Female,2000,0,3,0,nonSTEM,2,40,0
47,Female,2001,0,4,0,nonSTEM,2,41,0
47,Female,2002,0,5,0,nonSTEM,2,42,0
47,Female,2003,0,6,0,nonSTEM,2,43,0
47,Female,2004,0,7,0,nonSTEM,2,44,0
47,Female,2005,0,8,0,nonSTEM,2,45,0
47,Female,2006,1,9,0,nonSTEM,2,46,0
47,Female,2007,0,1,0,nonSTEM,3,47,0
47,Female,2008,0,2,1,nonSTEM,3,48,0
48,Female,1995,0,1,0,nonSTEM,1,27,0
48,Female,1996,0,2,0,nonSTEM,1,28,0
48,Female,1997,0,3,0,nonSTEM,1,29,0
48,Female,1998,0,4,0,nonSTEM,1,30,0
48,Female,1999,0,5,1,nonSTEM,1,31,0
49,Female,2005,0,1,0,nonSTEM,1,29,0
49,Female,2006,0,2,0,nonSTEM,1,30,0
49,Female,2007,0,3,0,nonSTEM,1,31,0
49,Female,2008,0,4,0,nonSTEM,1,32,0
49,Female,2009,0,5,0,nonSTEM,1,33,0
49,Female,2010,0,6,0,nonSTEM,1,34,0
49,Female,2011,1,7,0,nonSTEM,1,35,0
49,Female,2012,0,1,0,nonSTEM,2,36,0
49,Female,2013,0,2,0,nonSTEM,2,37,0
49,Female,2014,0,3,0,nonSTEM,2,38,0
49,Female,2015,0,4,0,nonSTEM,2,39,0
49,Female,2016,0,5,0,nonSTEM,2,40,0
49,Female,2017,0,6,0,nonSTEM,2,41,0
49,Female,2018,0,7,0,nonSTEM,2,42,0
49,Female,2019,0,8,0,nonSTEM,2,43,0
49,Female,2020,0,9,0,nonSTEM,2,44,0
49,Female,2021,0,10,0,nonSTEM,2,45,0
49,Female,2022,1,11,0,nonSTEM,2,46,0
49,Female,2023,0,1,0,nonSTEM,3,47,0
49,Female,2024,0,2,1,nonSTEM,3,48,0
50,Female,1991,0,1,0,STEM,1,33,0
50,Female,1992,0,2,0,STEM,1,34,0
50,Female,1993,0,3,0,STEM,1,35,0
50,Female,1994,0,4,0,STEM,1,36,0
50,Female,1995,0,5,0,STEM,1,37,0
50,Female,1996,0,6,0,STEM,1,38,0
50,Female,1997,0,7,0,STEM,1,39,0
50,Female,1998,1,8,0,STEM,1,40,0
50,Female,1999,0,1,0,STEM,2,41,0
50,Female,2000,0,2,1,STEM,2,42,0
51,Male,1992,0,1,0,STEM,1,28,0
51,Male,1993,0,2,0,STEM,1,29,0
51,Male,1994,0,3,0,STEM,1,30,0
51,Male,1995,0,4,0,STEM,1,31,0
51,Male,1996,0,5,0,STEM,1,32,0
51,Male,1997,1,6,0,STEM,1,33,0
51,Male,1998,0,1,0,STEM,2,34,0
51,Male,1999,0,2,0,STEM,2,35,0
51,Male,2000,0,3,0,STEM,2,36,0
51,Male,2001,0,4,0,STEM,2,37,0
51,Male,2002,0,5,0,STEM,2,38,0
51,Male,2003,0,6,0,STEM,2,39,0
51,Male,2004,1,7,1,STEM,2,40,0
52,Male,2013,0,1,0,STEM,1,33,0
52,Male,2014,0,2,0,STEM,1,34,0
52,Male,2015,0,3,0,STEM,1,35,0
52,Male,2016,0,4,0,STEM,1,36,0
52,Male,2017,0,5,0,STEM,1,37,0
52,Male,2018,1,6,0,STEM,1,38,0
52,Male,2019,0,1,0,STEM,2,39,0
52,Male,2020,0,2,0,STEM,2,40,0
52,Male,2021,0,3,0,STEM,2,41,0
52,Male,2022,0,4,0,STEM,2,42,0
52,Male,2023,0,5,0,STEM,2,43,0
52,Male,2024,0,6,0,STEM,2,44,0
52,Male,2025,0,7,1,STEM,2,45,0
53,Male,2007,0,1,0,STEM,1,29,0
53,Male,2008,0,2,0,STEM,1,30,0
53,Male,2009,0,3,0,STEM,1,31,0
53,Male,2010,0,4,0,STEM,1,32,0
53,Male,2011,0,5,0,STEM,1,33,0
53,Male,2012,1,6,0,STEM,1,34,0
53,Male,2013,0,1,0,STEM,2,35,0
53,Male,2014,0,2,0,STEM,2,36,0
53,Male,2015,0,3,0,STEM,2,37,0
53,Male,2016,0,4,0,STEM,2,38,0
53,Male,2017,1,5,0,STEM,2,39,0
53,Male,2018,0,1,0,STEM,3,40,0
53,Male,2019,0,2,0,STEM,3,41,0
53,Male,2020,0,3,0,STEM,3,42,0
53,Male,2021,0,4,0,STEM,3,43,0
53,Male,2022,0,5,0,STEM,3,44,0
53,Male,2023,0,6,1,STEM,3,45,0
54,Male,2006,0,1,0,STEM,1,26,0
54,Male,2007,0,2,0,STEM,1,27,0
54,Male,2008,0,3,0,STEM,1,28,0
54,Male,2009,0,4,0,STEM,1,29,0
54,Male,2010,0,5,0,STEM,1,30,0
54,Male,2011,1,6,0,STEM,1,31,0
54,Male,2012,0,1,0,STEM,2,32,0
54,Male,2013,0,2,0,STEM,2,33,0
54,Male,2014,0,3,0,STEM,2,34,0
54,Male,2015,0,4,0,STEM,2,35,0
54,Male,2016,0,5,0,STEM,2,36,0
54,Male,2017,0,6,0,STEM,2,37,0
54,Male,2018,1,7,0,STEM,2,38,0
54,Male,2019,0,1,0,STEM,3,39,0
54,Male,2020,0,2,0,STEM,3,40,0
54,Male,2021,0,3,0,STEM,3,41,0
54,Male,2022,0,4,0,STEM,3,42,0
54,Male,2023,0,5,0,STEM,3,43,0
54,Male,2024,0,6,0,STEM,3,44,0
54,Male,2025,0,7,1,STEM,3,45,0
55,Female,2000,0,1,0,STEM,1,32,0
55,Female,2001,0,2,0,STEM,1,33,0
55,Female,2002,0,3,0,STEM,1,34,0
55,Female,2003,0,4,0,STEM,1,35,0
55,Female,2004,0,5,0,STEM,1,36,0
55,Female,2005,0,6,0,STEM,1,37,0
55,Female,2006,1,7,0,STEM,1,38,0
55,Female,2007,0,1,0,STEM,2,39,0
55,Female,2008,0,2,0,STEM,2,40,0
55,Female,2009,0,3,0,STEM,2,41,0
55,Female,2010,0,4,0,STEM,2,42,0
55,Female,2011,0,5,0,STEM,2,43,0
55,Female,2012,0,6,0,STEM,2,44,0
55,Female,2013,1,7,0,STEM,2,45,0
55,Female,2014,0,1,1,STEM,3,46,0
56,Male,1999,0,1,0,STEM,1,32,0
56,Male,2000,0,2,0,STEM,1,33,0
56,Male,2001,0,3,0,STEM,1,34,0
56,Male,2002,0,4,0,STEM,1,35,0
56,Male,2003,0,5,0,STEM,1,36,0
56,Male,2004,1,6,0,STEM,1,37,0
56,Male,2005,0,1,0,STEM,2,38,0
56,Male,2006,0,2,0,STEM,2,39,0
56,Male,2007,0,3,0,STEM,2,40,0
56,Male,2008,0,4,0,STEM,2,41,0
56,Male,2009,0,5,0,STEM,2,42,0
56,Male,2010,1,6,0,STEM,2,43,0
56,Male,2011,0,1,0,STEM,3,44,0
56,Male,2012,0,2,0,STEM,3,45,0
56,Male,2013,0,3,0,STEM,3,46,0
56,Male,2014,0,4,0,STEM,3,47,0
56,Male,2015,0,5,0,STEM,3,48,0
56,Male,2016,0,6,0,STEM,3,49,0
56,Male,2017,0,7,0,STEM,3,50,0
56,Male,2018,0,8,1,STEM,3,51,0
57,Male,2011,0,1,0,STEM,1,28,0
57,Male,2012,0,2,0,STEM,1,29,0
57,Male,2013,0,3,0,STEM,1,30,0
57,Male,2014,0,4,0,STEM,1,31,0
57,Male,2015,0,5,0,STEM,1,32,0
57,Male,2016,0,6,0,STEM,1,33,0
57,Male,2017,1,7,0,STEM,1,34,0
57,Male,2018,0,1,0,STEM,2,35,0
57,Male,2019,0,2,0,STEM,2,36,0
57,Male,2020,0,3,0,STEM,2,37,0
57,Male,2021,0,4,0,STEM,2,38,0
57,Male,2022,0,5,0,STEM,2,39,0
57,Male,2023,0,6,0,STEM,2,40,0
57,Male,2024,0,7,1,STEM,2,41,0
58,Male,1996,1,1,0,nonSTEM,1,34,0
58,Male,1997,0,1,0,nonSTEM,2,35,0
58,Male,1998,0,2,0,nonSTEM,2,36,0
58,Male,1999,0,3,0,nonSTEM,2,37,0
58,Male,2000,0,4,0,nonSTEM,2,38,0
58,Male,2001,0,5,0,nonSTEM,2,39,0
58,Male,2002,1,6,0,nonSTEM,2,40,0
58,Male,2003,0,1,0,nonSTEM,3,41,0
58,Male,2004,0,2,0,nonSTEM,3,42,0
58,Male,2005,0,3,0,nonSTEM,3,43,0
58,Male,2006,0,4,0,nonSTEM,3,44,0
58,Male,2007,0,5,0,nonSTEM,3,45,0
58,Male,2008,0,6,1,nonSTEM,3,46,0
59,Female,2015,0,1,0,nonSTEM,1,33,0
59,Female,2016,0,2,0,nonSTEM,1,34,0
59,Female,2017,0,3,0,nonSTEM,1,35,0
59,Female,2018,0,4,0,nonSTEM,1,36,0
59,Female,2019,0,5,0,nonSTEM,1,37,0
59,Female,2020,1,6,0,nonSTEM,1,38,0
59,Female,2021,0,1,0,nonSTEM,2,39,0
59,Female,2022,0,2,0,nonSTEM,2,40,0
59,Female,2023,0,3,0,nonSTEM,2,41,0
59,Female,2024,0,4,0,nonSTEM,2,42,0
59,Female,2025,0,5,1,nonSTEM,2,43,0
60,Female,1993,0,1,0,nonSTEM,1,32,0
60,Female,1994,0,2,0,nonSTEM,1,33,0
60,Female,1995,0,3,0,nonSTEM,1,34,0
60,Female,1996,0,4,0,nonSTEM,1,35,0
60,Female,1997,0,5,0,nonSTEM,1,36,0
60,Female,1998,1,6,0,nonSTEM,1,37,0
60,Female,1999,0,1,0,nonSTEM,2,38,0
60,Female,2000,0,2,0,nonSTEM,2,39,0
60,Female,2001,0,3,0,nonSTEM,2,40,0
60,Female,2002,0,4,0,nonSTEM,2,41,0
60,Female,2003,0,5,0,nonSTEM,2,42,0
60,Female,2004,0,6,0,nonSTEM,2,43,0
60,Female,2005,0,7,0,nonSTEM,2,44,0
60,Female,2006,0,8,0,nonSTEM,2,45,0
60,Female,2007,0,9,0,nonSTEM,2,46,0
60,Female,2008,0,10,0,nonSTEM,2,47,0
60,Female,2009,0,11,0,nonSTEM,2,48,0
60,Female,2010,1,12,0,nonSTEM,2,49,0
60,Female,2011,0,1,0,nonSTEM,3,50,0
60,Female,2012,0,2,0,nonSTEM,3,51,0
60,Female,2013,0,3,0,nonSTEM,3,52,0
60,Female,2014,0,4,0,nonSTEM,3,53,0
60,Female,2015,0,5,0,nonSTEM,3,54,0
60,Female,2016,0,6,0,nonSTEM,3,55,0
60,Female,2017,1,7,0,nonSTEM,3,56,0
60,Female,2018,0,1,0,nonSTEM,4,57,0
60,Female,2019,0,2,0,nonSTEM,4,58,0
60,Female,2020,0,3,0,nonSTEM,4,59,0
60,Female,2021,0,4,1,nonSTEM,4,60,0
61,Male,1999,0,1,0,nonSTEM,1,30,0
61,Male,2000,0,2,0,nonSTEM,1,31,0
61,Male,2001,0,3,0,nonSTEM,1,32,0
61,Male,2002,0,4,0,nonSTEM,1,33,0
61,Male,2003,0,5,0,nonSTEM,1,34,0
61,Male,2004,0,6,0,nonSTEM,1,35,0
61,Male,2005,1,7,0,nonSTEM,1,36,0
61,Male,2006,0,1,0,nonSTEM,2,37,0
61,Male,2007,0,2,0,nonSTEM,2,38,0
61,Male,2008,0,3,0,nonSTEM,2,39,0
61,Male,2009,0,4,0,nonSTEM,2,40,0
61,Male,2010,0,5,0,nonSTEM,2,41,0
61,Male,2011,0,6,0,nonSTEM,2,42,0
61,Male,2012,0,7,0,nonSTEM,2,43,0
61,Male,2013,0,8,0,nonSTEM,2,44,0
61,Male,2014,1,9,0,nonSTEM,2,45,0
61,Male,2015,0,1,0,nonSTEM,3,46,0
61,Male,2016,0,2,0,nonSTEM,3,47,0
61,Male,2017,0,3,0,nonSTEM,3,48,0
61,Male,2018,0,4,0,nonSTEM,3,49,0
61,Male,2019,0,5,0,nonSTEM,3,50,0
61,Male,2020,0,6,0,nonSTEM,3,51,0
61,Male,2021,0,7,0,nonSTEM,3,52,0
61,Male,2022,0,8,0,nonSTEM,3,53,0
61,Male,2023,0,9,0,nonSTEM,3,54,0
61,Male,2024,1,10,0,nonSTEM,3,55,0
61,Male,2025,0,1,1,nonSTEM,4,56,0
62,Female,2007,0,1,0,nonSTEM,1,33,0
62,Female,2008,0,2,0,nonSTEM,1,34,0
62,Female,2009,0,3,0,nonSTEM,1,35,0
62,Female,2010,0,4,0,nonSTEM,1,36,0
62,Female,2011,0,5,0,nonSTEM,1,37,0
62,Female,2012,0,6,0,nonSTEM,1,38,0
62,Female,2013,0,7,0,nonSTEM,1,39,0
62,Female,2014,0,8,0,nonSTEM,1,40,0
62,Female,2015,0,9,0,nonSTEM,1,41,0
62,Female,2016,0,10,0,nonSTEM,1,42,0
62,Female,2017,1,11,0,nonSTEM,1,43,0
62,Female,2018,1,1,0,nonSTEM,2,44,0
62,Female,2019,0,1,0,nonSTEM,3,45,0
62,Female,2020,0,2,0,nonSTEM,3,46,0
62,Female,2021,0,3,0,nonSTEM,3,47,0
62,Female,2022,0,4,0,nonSTEM,3,48,0
62,Female,2023,0,5,0,nonSTEM,3,49,0
62,Female,2024,0,6,1,nonSTEM,3,50,0
63,Female,2010,0,1,0,nonSTEM,1,33,0
63,Female,2011,0,2,0,nonSTEM,1,34,0
63,Female,2012,0,3,0,nonSTEM,1,35,0
63,Female,2013,0,4,0,nonSTEM,1,36,0
63,Female,2014,1,5,0,nonSTEM,1,37,0
63,Female,2015,0,1,0,nonSTEM,2,38,0
63,Female,2016,0,2,0,nonSTEM,2,39,0
63,Female,2017,0,3,0,nonSTEM,2,40,0
63,Female,2018,0,4,0,nonSTEM,2,41,0
63,Female,2019,0,5,0,nonSTEM,2,42,0
63,Female,2020,0,6,0,nonSTEM,2,43,0
63,Female,2021,0,7,0,nonSTEM,2,44,0
63,Female,2022,0,8,0,nonSTEM,2,45,0
63,Female,2023,1,9,0,nonSTEM,2,46,0
63,Female,2024,0,1,0,nonSTEM,3,47,0
63,Female,2025,0,2,1,nonSTEM,3,48,0
64,Male,1997,0,1,0,STEM,1,35,0
64,Male,1998,0,2,0,STEM,1,36,0
64,Male,1999,0,3,0,STEM,1,37,0
64,Male,2000,1,4,0,STEM,1,38,0
64,Male,2001,0,1,0,STEM,2,39,0
64,Male,2002,0,2,0,STEM,2,40,0
64,Male,2003,0,3,0,STEM,2,41,0
64,Male,2004,0,4,0,STEM,2,42,0
64,Male,2005,0,5,0,STEM,2,43,0
64,Male,2006,0,6,1,STEM,2,44,0
65,Female,1990,0,1,0,STEM,1,32,0
65,Female,1991,0,2,0,STEM,1,33,0
65,Female,1992,0,3,0,STEM,1,34,0
65,Female,1993,1,4,0,STEM,1,35,0
65,Female,1994,0,1,1,STEM,2,36,0
66,Female,2015,0,1,0,nonSTEM,1,34,0
66,Female,2016,0,2,0,nonSTEM,1,35,0
66,Female,2017,0,3,0,nonSTEM,1,36,0
66,Female,2018,0,4,0,nonSTEM,1,37,0
66,Female,2019,0,5,0,nonSTEM,1,38,0
66,Female,2020,0,6,0,nonSTEM,1,39,0
66,Female,2021,1,7,0,nonSTEM,1,40,0
66,Female,2022,0,1,0,nonSTEM,2,41,0
66,Female,2023,0,2,0,nonSTEM,2,42,0
66,Female,2024,0,3,0,nonSTEM,2,43,0
66,Female,2025,0,4,1,nonSTEM,2,44,0
67,Male,2002,0,1,0,STEM,1,28,0
67,Male,2003,0,2,0,STEM,1,29,0
67,Male,2004,0,3,0,STEM,1,30,0
67,Male,2005,0,4,0,STEM,1,31,0
67,Male,2006,0,5,0,STEM,1,32,0
67,Male,2007,1,6,0,STEM,1,33,0
67,Male,2008,0,1,0,STEM,2,34,0
67,Male,2009,0,2,0,STEM,2,35,0
67,Male,2010,0,3,0,STEM,2,36,0
67,Male,2011,0,4,0,STEM,2,37,0
67,Male,2012,0,5,0,STEM,2,38,0
67,Male,2013,0,6,0,STEM,2,39,0
67,Male,2014,0,7,0,STEM,2,40,0
67,Male,2015,0,8,0,STEM,2,41,0
67,Male,2016,1,9,0,STEM,2,42,0
67,Male,2017,0,1,0,STEM,3,43,0
67,Male,2018,0,2,0,STEM,3,44,0
67,Male,2019,0,3,0,STEM,3,45,0
67,Male,2020,0,4,0,STEM,3,46,0
67,Male,2021,0,5,0,STEM,3,47,0
67,Male,2022,0,6,1,STEM,3,48,0
68,Male,1993,0,1,0,nonSTEM,1,31,0
68,Male,1994,0,2,0,nonSTEM,1,32,0
68,Male,1995,0,3,0,nonSTEM,1,33,0
68,Male,1996,0,4,0,nonSTEM,1,34,0
68,Male,1997,0,5,0,nonSTEM,1,35,0
68,Male,1998,0,6,0,nonSTEM,1,36,0
68,Male,1999,0,7,0,nonSTEM,1,37,0
68,Male,2000,1,8,0,nonSTEM,1,38,0
68,Male,2001,0,1,0,nonSTEM,2,39,0
68,Male,2002,0,2,0,nonSTEM,2,40,0
68,Male,2003,0,3,0,nonSTEM,2,41,0
68,Male,2004,0,4,0,nonSTEM,2,42,0
68,Male,2005,1,5,0,nonSTEM,2,43,0
68,Male,2006,0,1,0,nonSTEM,3,44,0
68,Male,2007,0,2,0,nonSTEM,3,45,0
68,Male,2008,0,3,0,nonSTEM,3,46,0
68,Male,2009,1,4,0,nonSTEM,3,47,0
68,Male,2010,0,1,0,nonSTEM,4,48,0
68,Male,2011,0,2,0,nonSTEM,4,49,0
68,Male,2012,0,3,0,nonSTEM,4,50,0
68,Male,2013,0,4,0,nonSTEM,4,51,0
68,Male,2014,0,5,0,nonSTEM,4,52,0
68,Male,2015,0,6,1,nonSTEM,4,53,0
69,Female,1995,0,1,0,nonSTEM,1,26,0
69,Female,1996,0,2,0,nonSTEM,1,27,0
69,Female,1997,0,3,0,nonSTEM,1,28,0
69,Female,1998,0,4,0,nonSTEM,1,29,0
69,Female,1999,0,5,0,nonSTEM,1,30,0
69,Female,2000,0,6,0,nonSTEM,1,31,0
69,Female,2001,1,7,0,nonSTEM,1,32,0
69,Female,2002,0,1,0,nonSTEM,2,33,0
69,Female,2003,0,2,0,nonSTEM,2,34,0
69,Female,2004,0,3,0,nonSTEM,2,35,0
69,Female,2005,0,4,0,nonSTEM,2,36,0
69,Female,2006,0,5,0,nonSTEM,2,37,0
69,Female,2007,0,6,0,nonSTEM,2,38,0
69,Female,2008,0,7,0,nonSTEM,2,39,0
69,Female,2009,0,8,0,nonSTEM,2,40,0
69,Female,2010,0,9,0,nonSTEM,2,41,0
69,Female,2011,1,10,0,nonSTEM,2,42,0
69,Female,2012,0,1,1,nonSTEM,3,43,0
70,Female,2002,0,1,0,nonSTEM,1,32,0
70,Female,2003,0,2,0,nonSTEM,1,33,0
70,Female,2004,0,3,0,nonSTEM,1,34,0
70,Female,2005,0,4,0,nonSTEM,1,35,0
70,Female,2006,1,5,1,nonSTEM,1,36,0
71,Female,2009,1,1,0,nonSTEM,1,34,0
71,Female,2010,0,1,0,nonSTEM,2,35,0
71,Female,2011,0,2,0,nonSTEM,2,36,0
71,Female,2012,0,3,0,nonSTEM,2,37,0
71,Female,2013,0,4,0,nonSTEM,2,38,0
71,Female,2014,0,5,0,nonSTEM,2,39,0
71,Female,2015,0,6,0,nonSTEM,2,40,0
71,Female,2016,0,7,0,nonSTEM,2,41,0
71,Female,2017,1,8,0,nonSTEM,2,42,0
71,Female,2018,0,1,0,nonSTEM,3,43,0
71,Female,2019,0,2,0,nonSTEM,3,44,0
71,Female,2020,0,3,0,nonSTEM,3,45,0
71,Female,2021,0,4,0,nonSTEM,3,46,0
71,Female,2022,0,5,0,nonSTEM,3,47,0
71,Female,2023,0,6,0,nonSTEM,3,48,0
71,Female,2024,0,7,0,nonSTEM,3,49,0
71,Female,2025,0,8,1,nonSTEM,3,50,0
72,Male,1998,0,1,0,nonSTEM,1,36,0
72,Male,1999,0,2,0,nonSTEM,1,37,0
72,Male,2000,0,3,0,nonSTEM,1,38,0
72,Male,2001,0,4,0,nonSTEM,1,39,0
72,Male,2002,0,5,0,nonSTEM,1,40,0
72,Male,2003,1,6,0,nonSTEM,1,41,0
72,Male,2004,0,1,0,nonSTEM,2,42,0
72,Male,2005,0,2,0,nonSTEM,2,43,0
72,Male,2006,0,3,0,nonSTEM,2,44,0
72,Male,2007,0,4,0,nonSTEM,2,45,0
72,Male,2008,0,5,0,nonSTEM,2,46,0
72,Male,2009,0,6,0,nonSTEM,2,47,0
72,Male,2010,0,7,0,nonSTEM,2,48,0
72,Male,2011,1,8,0,nonSTEM,2,49,0
72,Male,2012,0,1,0,nonSTEM,3,50,0
72,Male,2013,0,2,0,nonSTEM,3,51,0
72,Male,2014,0,3,0,nonSTEM,3,52,0
72,Male,2015,0,4,0,nonSTEM,3,53,0
72,Male,2016,0,5,0,nonSTEM,3,54,0
72,Male,2017,0,6,0,nonSTEM,3,55,0
72,Male,2018,0,7,1,nonSTEM,3,56,0
73,Female,2011,0,1,0,nonSTEM,1,32,0
73,Female,2012,0,2,0,nonSTEM,1,33,0
73,Female,2013,0,3,0,nonSTEM,1,34,0
73,Female,2014,0,4,0,nonSTEM,1,35,0
73,Female,2015,0,5,0,nonSTEM,1,36,0
73,Female,2016,1,6,0,nonSTEM,1,37,0
73,Female,2017,0,1,0,nonSTEM,2,38,0
73,Female,2018,0,2,0,nonSTEM,2,39,0
73,Female,2019,0,3,0,nonSTEM,2,40,0
73,Female,2020,0,4,0,nonSTEM,2,41,0
73,Female,2021,0,5,0,nonSTEM,2,42,0
73,Female,2022,0,6,0,nonSTEM,2,43,0
73,Female,2023,1,7,0,nonSTEM,2,44,0
73,Female,2024,0,1,0,nonSTEM,3,45,0
73,Female,2025,0,2,1,nonSTEM,3,46,0
74,Male,2002,0,1,0,nonSTEM,1,35,0
74,Male,2003,0,2,0,nonSTEM,1,36,0
74,Male,2004,0,3,0,nonSTEM,1,37,0
74,Male,2005,0,4,0,nonSTEM,1,38,0
74,Male,2006,0,5,0,nonSTEM,1,39,0
74,Male,2007,1,6,0,nonSTEM,1,40,0
74,Male,2008,0,1,0,nonSTEM,2,41,0
74,Male,2009,0,2,0,nonSTEM,2,42,0
74,Male,2010,0,3,0,nonSTEM,2,43,0
74,Male,2011,0,4,0,nonSTEM,2,44,0
74,Male,2012,0,5,0,nonSTEM,2,45,0
74,Male,2013,1,6,0,nonSTEM,2,46,0
74,Male,2014,0,1,0,nonSTEM,3,47,0
74,Male,2015,0,2,0,nonSTEM,3,48,0
74,Male,2016,0,3,0,nonSTEM,3,49,0
74,Male,2017,0,4,0,nonSTEM,3,50,0
74,Male,2018,0,5,0,nonSTEM,3,51,0
74,Male,2019,0,6,0,nonSTEM,3,52,0
74,Male,2020,0,7,0,nonSTEM,3,53,0
74,Male,2021,0,8,0,nonSTEM,3,54,0
74,Male,2022,1,9,0,nonSTEM,3,55,0
74,Male,2023,0,1,0,nonSTEM,4,56,0
74,Male,2024,0,2,0,nonSTEM,4,57,0
74,Male,2025,0,3,1,nonSTEM,4,58,0
75,Male,1994,0,1,0,STEM,1,29,0
75,Male,1995,0,2,0,STEM,1,30,0
75,Male,1996,0,3,0,STEM,1,31,0
75,Male,1997,0,4,0,STEM,1,32,0
75,Male,1998,0,5,0,STEM,1,33,0
75,Male,1999,0,6,0,STEM,1,34,0
75,Male,2000,0,7,0,STEM,1,35,0
75,Male,2001,1,8,0,STEM,1,36,0
75,Male,2002,0,1,0,STEM,2,37,0
75,Male,2003,0,2,0,STEM,2,38,0
75,Male,2004,0,3,0,STEM,2,39,0
75,Male,2005,0,4,0,STEM,2,40,0
75,Male,2006,0,5,0,STEM,2,41,0
75,Male,2007,0,6,0,STEM,2,42,0
75,Male,2008,0,7,0,STEM,2,43,0
75,Male,2009,1,8,0,STEM,2,44,0
75,Male,2010,0,1,0,STEM,3,45,0
75,Male,2011,0,2,0,STEM,3,46,0
75,Male,2012,0,3,1,STEM,3,47,0
76,Male,2005,0,1,0,STEM,1,32,0
76,Male,2006,0,2,0,STEM,1,33,0
76,Male,2007,1,3,0,STEM,1,34,0
76,Male,2008,0,1,0,STEM,2,35,0
76,Male,2009,0,2,0,STEM,2,36,0
76,Male,2010,0,3,0,STEM,2,37,0
76,Male,2011,0,4,0,STEM,2,38,0
76,Male,2012,0,5,0,STEM,2,39,0
76,Male,2013,0,6,0,STEM,2,40,0
76,Male,2014,0,7,0,STEM,2,41,0
76,Male,2015,1,8,0,STEM,2,42,0
76,Male,2016,0,1,0,STEM,3,43,0
76,Male,2017,0,2,0,STEM,3,44,0
76,Male,2018,0,3,0,STEM,3,45,0
76,Male,2019,0,4,0,STEM,3,46,0
76,Male,2020,0,5,0,STEM,3,47,0
76,Male,2021,0,6,0,STEM,3,48,0
76,Male,2022,0,7,0,STEM,3,49,0
76,Male,2023,0,8,0,STEM,3,50,0
76,Male,2024,0,9,0,STEM,3,51,0
76,Male,2025,1,10,1,STEM,3,52,0
77,Female,2014,0,1,0,nonSTEM,1,31,0
77,Female,2015,0,2,0,nonSTEM,1,32,0
77,Female,2016,0,3,0,nonSTEM,1,33,0
77,Female,2017,0,4,0,nonSTEM,1,34,0
77,Female,2018,0,5,0,nonSTEM,1,35,0
77,Female,2019,0,6,0,nonSTEM,1,36,0
77,Female,2020,0,7,0,nonSTEM,1,37,0
77,Female,2021,1,8,0,nonSTEM,1,38,0
77,Female,2022,0,1,0,nonSTEM,2,39,0
77,Female,2023,0,2,0,nonSTEM,2,40,0
77,Female,2024,0,3,0,nonSTEM,2,41,0
77,Female,2025,0,4,1,nonSTEM,2,42,0
78,Male,2001,0,1,0,nonSTEM,1,31,0
78,Male,2002,0,2,0,nonSTEM,1,32,0
78,Male,2003,0,3,0,nonSTEM,1,33,0
78,Male,2004,0,4,0,nonSTEM,1,34,0
78,Male,2005,1,5,0,nonSTEM,1,35,0
78,Male,2006,0,1,0,nonSTEM,2,36,0
78,Male,2007,0,2,0,nonSTEM,2,37,0
78,Male,2008,0,3,0,nonSTEM,2,38,0
78,Male,2009,0,4,0,nonSTEM,2,39,0
78,Male,2010,0,5,0,nonSTEM,2,40,0
78,Male,2011,0,6,0,nonSTEM,2,41,0
78,Male,2012,0,7,0,nonSTEM,2,42,0
78,Male,2013,0,8,0,nonSTEM,2,43,0
78,Male,2014,1,9,0,nonSTEM,2,44,0
78,Male,2015,0,1,0,nonSTEM,3,45,0
78,Male,2016,0,2,0,nonSTEM,3,46,0
78,Male,2017,0,3,0,nonSTEM,3,47,0
78,Male,2018,0,4,0,nonSTEM,3,48,0
78,Male,2019,0,5,0,nonSTEM,3,49,0
78,Male,2020,0,6,0,nonSTEM,3,50,0
78,Male,2021,0,7,0,nonSTEM,3,51,0
78,Male,2022,0,8,0,nonSTEM,3,52,0
78,Male,2023,1,9,0,nonSTEM,3,53,0
78,Male,2024,0,1,0,nonSTEM,4,54,0
78,Male,2025,0,2,1,nonSTEM,4,55,0
79,Male,1992,0,1,0,nonSTEM,1,27,0
79,Male,1993,0,2,0,nonSTEM,1,28,0
79,Male,1994,0,3,0,nonSTEM,1,29,0
79,Male,1995,0,4,0,nonSTEM,1,30,0
79,Male,1996,0,5,0,nonSTEM,1,31,0
79,Male,1997,0,6,0,nonSTEM,1,32,0
79,Male,1998,1,7,0,nonSTEM,1,33,0
79,Male,1999,0,1,0,nonSTEM,2,34,0
79,Male,2000,0,2,1,nonSTEM,2,35,0
80,Male,2012,0,1,0,STEM,1,32,0
80,Male,2013,0,2,0,STEM,1,33,0
80,Male,2014,0,3,0,STEM,1,34,0
80,Male,2015,0,4,0,STEM,1,35,0
80,Male,2016,0,5,0,STEM,1,36,0
80,Male,2017,0,6,0,STEM,1,37,0
80,Male,2018,0,7,0,STEM,1,38,0
80,Male,2019,0,8,0,STEM,1,39,0
80,Male,2020,1,9,0,STEM,1,40,0
80,Male,2021,0,1,0,STEM,2,41,0
80,Male,2022,0,2,0,STEM,2,42,0
80,Male,2023,0,3,0,STEM,2,43,0
80,Male,2024,0,4,0,STEM,2,44,0
80,Male,2025,1,5,1,STEM,2,45,0
81,Male,2003,0,1,0,STEM,1,32,0
81,Male,2004,0,2,0,STEM,1,33,0
81,Male,2005,1,3,0,STEM,1,34,0
81,Male,2006,0,1,0,STEM,2,35,0
81,Male,2007,0,2,0,STEM,2,36,0
81,Male,2008,0,3,0,STEM,2,37,0
81,Male,2009,0,4,0,STEM,2,38,0
81,Male,2010,0,5,0,STEM,2,39,0
81,Male,2011,0,6,0,STEM,2,40,0
81,Male,2012,1,7,0,STEM,2,41,0
81,Male,2013,0,1,0,STEM,3,42,0
81,Male,2014,0,2,0,STEM,3,43,0
81,Male,2015,0,3,0,STEM,3,44,0
81,Male,2016,0,4,0,STEM,3,45,0
81,Male,2017,0,5,0,STEM,3,46,0
81,Male,2018,0,6,0,STEM,3,47,0
81,Male,2019,0,7,0,STEM,3,48,0
81,Male,2020,0,8,0,STEM,3,49,0
81,Male,2021,1,9,0,STEM,3,50,0
81,Male,2022,0,1,1,STEM,4,51,0
82,Male,2000,0,1,0,nonSTEM,1,29,0
82,Male,2001,0,2,0,nonSTEM,1,30,0
82,Male,2002,0,3,0,nonSTEM,1,31,0
82,Male,2003,0,4,0,nonSTEM,1,32,0
82,Male,2004,0,5,0,nonSTEM,1,33,0
82,Male,2005,0,6,0,nonSTEM,1,34,0
82,Male,2006,1,7,0,nonSTEM,1,35,0
82,Male,2007,0,1,1,nonSTEM,2,36,0
83,Female,1999,0,1,0,STEM,1,31,0
83,Female,2000,0,2,0,STEM,1,32,0
83,Female,2001,0,3,0,STEM,1,33,0
83,Female,2002,0,4,0,STEM,1,34,0
83,Female,2003,0,5,0,STEM,1,35,0
83,Female,2004,0,6,0,STEM,1,36,0
83,Female,2005,0,7,0,STEM,1,37,0
83,Female,2006,1,8,0,STEM,1,38,0
83,Female,2007,1,1,0,STEM,2,39,0
83,Female,2008,0,1,0,STEM,3,40,0
83,Female,2009,0,2,0,STEM,3,41,0
83,Female,2010,0,3,0,STEM,3,42,0
83,Female,2011,0,4,0,STEM,3,43,0
83,Female,2012,0,5,0,STEM,3,44,0
83,Female,2013,0,6,0,STEM,3,45,0
83,Female,2014,0,7,0,STEM,3,46,0
83,Female,2015,0,8,0,STEM,3,47,0
83,Female,2016,0,9,0,STEM,3,48,0
83,Female,2017,0,10,1,STEM,3,49,0
84,Male,2016,0,1,0,STEM,1,29,0
84,Male,2017,0,2,0,STEM,1,30,0
84,Male,2018,0,3,0,STEM,1,31,0
84,Male,2019,0,4,0,STEM,1,32,0
84,Male,2020,0,5,0,STEM,1,33,0
84,Male,2021,1,6,0,STEM,1,34,0
84,Male,2022,0,1,0,STEM,2,35,0
84,Male,2023,0,2,1,STEM,2,36,0
85,Female,2001,0,1,0,nonSTEM,1,36,0
85,Female,2002,0,2,0,nonSTEM,1,37,0
85,Female,2003,0,3,0,nonSTEM,1,38,0
85,Female,2004,0,4,0,nonSTEM,1,39,0
85,Female,2005,0,5,0,nonSTEM,1,40,0
85,Female,2006,0,6,0,nonSTEM,1,41,0
85,Female,2007,1,7,0,nonSTEM,1,42,0
85,Female,2008,0,1,1,nonSTEM,2,43,0
86,Male,2002,0,1,0,STEM,1,28,0
86,Male,2003,0,2,0,STEM,1,29,0
86,Male,2004,0,3,0,STEM,1,30,0
86,Male,2005,1,4,0,STEM,1,31,0
86,Male,2006,0,1,0,STEM,2,32,0
86,Male,2007,0,2,0,STEM,2,33,0
86,Male,2008,0,3,0,STEM,2,34,0
86,Male,2009,0,4,0,STEM,2,35,0
86,Male,2010,0,5,0,STEM,2,36,0
86,Male,2011,0,6,0,STEM,2,37,0
86,Male,2012,0,7,0,STEM,2,38,0
86,Male,2013,1,8,0,STEM,2,39,0
86,Male,2014,0,1,0,STEM,3,40,0
86,Male,2015,0,2,0,STEM,3,41,0
86,Male,2016,0,3,0,STEM,3,42,0
86,Male,2017,0,4,0,STEM,3,43,0
86,Male,2018,0,5,0,STEM,3,44,0
86,Male,2019,0,6,0,STEM,3,45,0
86,Male,2020,0,7,0,STEM,3,46,0
86,Male,2021,0,8,0,STEM,3,47,0
86,Male,2022,0,9,1,STEM,3,48,0
87,Male,2016,0,1,0,nonSTEM,1,30,0
87,Male,2017,0,2,0,nonSTEM,1,31,0
87,Male,2018,0,3,0,nonSTEM,1,32,0
87,Male,2019,0,4,0,nonSTEM,1,33,0
87,Male,2020,0,5,0,nonSTEM,1,34,0
87,Male,2021,0,6,0,nonSTEM,1,35,0
87,Male,2022,0,7,0,nonSTEM,1,36,0
87,Male,2023,1,8,0,nonSTEM,1,37,0
87,Male,2024,0,1,0,nonSTEM,2,38,0
87,Male,2025,0,2,1,nonSTEM,2,39,0
88,Male,2010,0,1,0,nonSTEM,1,29,0
88,Male,2011,0,2,0,nonSTEM,1,30,0
88,Male,2012,0,3,0,nonSTEM,1,31,0
88,Male,2013,0,4,0,nonSTEM,1,32,0
88,Male,2014,0,5,0,nonSTEM,1,33,0
88,Male,2015,0,6,0,nonSTEM,1,34,0
88,Male,2016,1,7,0,nonSTEM,1,35,0
88,Male,2017,0,1,0,nonSTEM,2,36,0
88,Male,2018,0,2,0,nonSTEM,2,37,0
88,Male,2019,0,3,0,nonSTEM,2,38,0
88,Male,2020,0,4,0,nonSTEM,2,39,0
88,Male,2021,0,5,0,nonSTEM,2,40,0
88,Male,2022,0,6,0,nonSTEM,2,41,0
88,Male,2023,0,7,0,nonSTEM,2,42,0
88,Male,2024,0,8,0,nonSTEM,2,43,0
88,Male,2025,1,9,1,nonSTEM,2,44,0
89,Female,1996,0,1,0,nonSTEM,1,34,0
89,Female,1997,0,2,0,nonSTEM,1,35,0
89,Female,1998,0,3,0,nonSTEM,1,36,0
89,Female,1999,1,4,0,nonSTEM,1,37,0
89,Female,2000,0,1,0,nonSTEM,2,38,0
89,Female,2001,0,2,1,nonSTEM,2,39,0
90,Male,2010,0,1,0,STEM,1,29,0
90,Male,2011,0,2,0,STEM,1,30,0
90,Male,2012,0,3,0,STEM,1,31,0
90,Male,2013,0,4,0,STEM,1,32,0
90,Male,2014,1,5,0,STEM,1,33,0
90,Male,2015,0,1,0,STEM,2,34,0
90,Male,2016,0,2,0,STEM,2,35,0
90,Male,2017,0,3,0,STEM,2,36,0
90,Male,2018,0,4,0,STEM,2,37,0
90,Male,2019,0,5,0,STEM,2,38,0
90,Male,2020,1,6,0,STEM,2,39,0
90,Male,2021,0,1,0,STEM,3,40,0
90,Male,2022,0,2,0,STEM,3,41,0
90,Male,2023,0,3,0,STEM,3,42,0
90,Male,2024,0,4,0,STEM,3,43,0
90,Male,2025,1,5,1,STEM,3,44,0
91,Female,2000,0,1,0,nonSTEM,1,33,0
91,Female,2001,0,2,0,nonSTEM,1,34,0
91,Female,2002,0,3,0,nonSTEM,1,35,0
91,Female,2003,0,4,0,nonSTEM,1,36,0
91,Female,2004,0,5,0,nonSTEM,1,37,0
91,Female,2005,0,6,0,nonSTEM,1,38,0
91,Female,2006,0,7,0,nonSTEM,1,39,0
91,Female,2007,0,8,0,nonSTEM,1,40,0
91,Female,2008,1,9,0,nonSTEM,1,41,0
91,Female,2009,0,1,0,nonSTEM,2,42,0
91,Female,2010,0,2,0,nonSTEM,2,43,0
91,Female,2011,0,3,0,nonSTEM,2,44,0
91,Female,2012,0,4,0,nonSTEM,2,45,0
91,Female,2013,0,5,0,nonSTEM,2,46,0
91,Female,2014,0,6,0,nonSTEM,2,47,0
91,Female,2015,1,7,0,nonSTEM,2,48,0
91,Female,2016,0,1,0,nonSTEM,3,49,0
91,Female,2017,0,2,0,nonSTEM,3,50,0
91,Female,2018,0,3,1,nonSTEM,3,51,0
92,Male,2010,0,1,0,STEM,1,28,0
92,Male,2011,0,2,0,STEM,1,29,0
92,Male,2012,0,3,0,STEM,1,30,0
92,Male,2013,0,4,0,STEM,1,31,0
92,Male,2014,0,5,0,STEM,1,32,0
92,Male,2015,0,6,0,STEM,1,33,0
92,Male,2016,1,7,0,STEM,1,34,0
92,Male,2017,0,1,0,STEM,2,35,0
92,Male,2018,0,2,0,STEM,2,36,0
92,Male,2019,0,3,0,STEM,2,37,0
92,Male,2020,0,4,0,STEM,2,38,0
92,Male,2021,0,5,0,STEM,2,39,0
92,Male,2022,1,6,0,STEM,2,40,0
92,Male,2023,0,1,1,STEM,3,41,0
93,Female,2007,0,1,0,STEM,1,35,0
93,Female,2008,0,2,0,STEM,1,36,0
93,Female,2009,0,3,0,STEM,1,37,0
93,Female,2010,0,4,0,STEM,1,38,0
93,Female,2011,0,5,0,STEM,1,39,0
93,Female,2012,1,6,0,STEM,1,40,0
93,Female,2013,0,1,0,STEM,2,41,0
93,Female,2014,0,2,0,STEM,2,42,0
93,Female,2015,0,3,0,STEM,2,43,0
93,Female,2016,0,4,0,STEM,2,44,0
93,Female,2017,0,5,0,STEM,2,45,0
93,Female,2018,0,6,0,STEM,2,46,0
93,Female,2019,1,7,1,STEM,2,47,0
94,Female,2013,0,1,0,nonSTEM,1,31,0
94,Female,2014,0,2,0,nonSTEM,1,32,0
94,Female,2015,0,3,0,nonSTEM,1,33,0
94,Female,2016,0,4,0,nonSTEM,1,34,0
94,Female,2017,0,5,0,nonSTEM,1,35,0
94,Female,2018,0,6,0,nonSTEM,1,36,0
94,Female,2019,1,7,0,nonSTEM,1,37,0
94,Female,2020,0,1,0,nonSTEM,2,38,0
94,Female,2021,0,2,0,nonSTEM,2,39,0
94,Female,2022,0,3,1,nonSTEM,2,40,0
95,Male,2009,0,1,0,STEM,1,34,0
95,Male,2010,0,2,0,STEM,1,35,0
95,Male,2011,0,3,0,STEM,1,36,0
95,Male,2012,1,4,0,STEM,1,37,0
95,Male,2013,0,1,0,STEM,2,38,0
95,Male,2014,0,2,0,STEM,2,39,0
95,Male,2015,0,3,0,STEM,2,40,0
95,Male,2016,0,4,1,STEM,2,41,0
96,Male,2015,0,1,0,nonSTEM,1,26,0
96,Male,2016,0,2,0,nonSTEM,1,27,0
96,Male,2017,1,3,0,nonSTEM,1,28,0
96,Male,2018,0,1,0,nonSTEM,2,29,0
96,Male,2019,0,2,0,nonSTEM,2,30,0
96,Male,2020,0,3,0,nonSTEM,2,31,0
96,Male,2021,0,4,0,nonSTEM,2,32,0
96,Male,2022,0,5,0,nonSTEM,2,33,0
96,Male,2023,0,6,0,nonSTEM,2,34,0
96,Male,2024,0,7,0,nonSTEM,2,35,0
96,Male,2025,1,8,1,nonSTEM,2,36,0
97,Female,1998,0,1,0,STEM,1,32,0
97,Female,1999,0,2,0,STEM,1,33,0
97,Female,2000,0,3,0,STEM,1,34,0
97,Female,2001,0,4,0,STEM,1,35,0
97,Female,2002,0,5,0,STEM,1,36,0
97,Female,2003,0,6,0,STEM,1,37,0
97,Female,2004,1,7,0,STEM,1,38,0
97,Female,2005,0,1,0,STEM,2,39,0
97,Female,2006,0,2,0,STEM,2,40,0
97,Female,2007,0,3,0,STEM,2,41,0
97,Female,2008,0,4,0,STEM,2,42,0
97,Female,2009,0,5,0,STEM,2,43,0
97,Female,2010,0,6,0,STEM,2,44,0
97,Female,2011,0,7,0,STEM,2,45,0
97,Female,2012,0,8,0,STEM,2,46,0
97,Female,2013,0,9,0,STEM,2,47,0
97,Female,2014,0,10,0,STEM,2,48,0
97,Female,2015,1,11,1,STEM,2,49,0
98,Male,2001,0,1,0,nonSTEM,1,33,0
98,Male,2002,0,2,0,nonSTEM,1,34,0
98,Male,2003,0,3,0,nonSTEM,1,35,0
98,Male,2004,0,4,0,nonSTEM,1,36,0
98,Male,2005,0,5,0,nonSTEM,1,37,0
98,Male,2006,1,6,0,nonSTEM,1,38,0
98,Male,2007,0,1,0,nonSTEM,2,39,0
98,Male,2008,0,2,0,nonSTEM,2,40,0
98,Male,2009,0,3,0,nonSTEM,2,41,0
98,Male,2010,0,4,0,nonSTEM,2,42,0
98,Male,2011,0,5,0,nonSTEM,2,43,0
98,Male,2012,0,6,0,nonSTEM,2,44,0
98,Male,2013,0,7,0,nonSTEM,2,45,0
98,Male,2014,0,8,0,nonSTEM,2,46,0
98,Male,2015,1,9,0,nonSTEM,2,47,0
98,Male,2016,0,1,0,nonSTEM,3,48,0
98,Male,2017,0,2,0,nonSTEM,3,49,0
98,Male,2018,0,3,0,nonSTEM,3,50,0
98,Male,2019,0,4,0,nonSTEM,3,51,0
98,Male,2020,0,5,0,nonSTEM,3,52,0
98,Male,2021,0,6,0,nonSTEM,3,53,0
98,Male,2022,1,7,0,nonSTEM,3,54,0
98,Male,2023,0,1,0,nonSTEM,4,55,0
98,Male,2024,0,2,1,nonSTEM,4,56,0
99,Male,2014,0,1,0,STEM,1,31,0
99,Male,2015,0,2,0,STEM,1,32,0
99,Male,2016,1,3,0,STEM,1,33,0
99,Male,2017,0,1,0,STEM,2,34,0
99,Male,2018,0,2,0,STEM,2,35,0
99,Male,2019,0,3,0,STEM,2,36,0
99,Male,2020,0,4,0,STEM,2,37,0
99,Male,2021,0,5,0,STEM,2,38,0
99,Male,2022,1,6,0,STEM,2,39,0
99,Male,2023,0,1,0,STEM,3,40,0
99,Male,2024,0,2,0,STEM,3,41,0
99,Male,2025,1,3,1,STEM,3,42,0
100,Male,1997,0,1,0,nonSTEM,1,29,0
100,Male,1998,0,2,0,nonSTEM,1,30,0
100,Male,1999,0,3,0,nonSTEM,1,31,0
100,Male,2000,0,4,0,nonSTEM,1,32,0
100,Male,2001,0,5,0,nonSTEM,1,33,0
100,Male,2002,0,6,0,nonSTEM,1,34,0
100,Male,2003,1,7,0,nonSTEM,1,35,0
100,Male,2004,0,1,0,nonSTEM,2,36,0
100,Male,2005,0,2,0,nonSTEM,2,37,0
100,Male,2006,0,3,0,nonSTEM,2,38,0
100,Male,2007,0,4,0,nonSTEM,2,39,0
100,Male,2008,0,5,0,nonSTEM,2,40,0
100,Male,2009,0,6,0,nonSTEM,2,41,0
100,Male,2010,1,7,0,nonSTEM,2,42,0
100,Male,2011,0,1,0,nonSTEM,3,43,0
100,Male,2012,0,2,0,nonSTEM,3,44,0
100,Male,2013,0,3,0,nonSTEM,3,45,0
100,Male,2014,0,4,0,nonSTEM,3,46,0
100,Male,2015,0,5,1,nonSTEM,3,47,0
101,Female,2006,0,1,0,STEM,1,30,0
101,Female,2007,0,2,0,STEM,1,31,0
101,Female,2008,0,3,0,STEM,1,32,0
101,Female,2009,0,4,0,STEM,1,33,0
101,Female,2010,1,5,1,STEM,1,34,0
102,Female,2006,1,1,0,nonSTEM,1,36,0
102,Female,2007,0,1,0,nonSTEM,2,37,0
102,Female,2008,0,2,0,nonSTEM,2,38,0
102,Female,2009,1,3,0,nonSTEM,2,39,0
102,Female,2010,0,1,0,nonSTEM,3,40,0
102,Female,2011,0,2,0,nonSTEM,3,41,0
102,Female,2012,0,3,0,nonSTEM,3,42,0
102,Female,2013,0,4,0,nonSTEM,3,43,0
102,Female,2014,0,5,0,nonSTEM,3,44,0
102,Female,2015,0,6,0,nonSTEM,3,45,0
102,Female,2016,0,7,0,nonSTEM,3,46,0
102,Female,2017,0,8,0,nonSTEM,3,47,0
102,Female,2018,0,9,0,nonSTEM,3,48,0
102,Female,2019,0,10,0,nonSTEM,3,49,0
102,Female,2020,0,11,0,nonSTEM,3,50,0
102,Female,2021,1,12,0,nonSTEM,3,51,0
102,Female,2022,0,1,0,nonSTEM,4,52,0
102,Female,2023,0,2,0,nonSTEM,4,53,0
102,Female,2024,0,3,0,nonSTEM,4,54,0
102,Female,2025,0,4,1,nonSTEM,4,55,0
103,Female,1994,0,1,0,STEM,1,36,0
103,Female,1995,0,2,0,STEM,1,37,0
103,Female,1996,0,3,0,STEM,1,38,0
103,Female,1997,0,4,0,STEM,1,39,0
103,Female,1998,0,5,0,STEM,1,40,0
103,Female,1999,1,6,0,STEM,1,41,0
103,Female,2000,0,1,0,STEM,2,42,0
103,Female,2001,0,2,0,STEM,2,43,0
103,Female,2002,0,3,0,STEM,2,44,0
103,Female,2003,0,4,0,STEM,2,45,0
103,Female,2004,0,5,0,STEM,2,46,0
103,Female,2005,0,6,0,STEM,2,47,0
103,Female,2006,0,7,0,STEM,2,48,0
103,Female,2007,0,8,0,STEM,2,49,0
103,Female,2008,1,9,0,STEM,2,50,0
103,Female,2009,0,1,0,STEM,3,51,0
103,Female,2010,0,2,0,STEM,3,52,0
103,Female,2011,0,3,0,STEM,3,53,0
103,Female,2012,0,4,0,STEM,3,54,0
103,Female,2013,0,5,0,STEM,3,55,0
103,Female,2014,0,6,0,STEM,3,56,0
103,Female,2015,0,7,0,STEM,3,57,0
103,Female,2016,0,8,0,STEM,3,58,0
103,Female,2017,0,9,0,STEM,3,59,0
103,Female,2018,1,10,1,STEM,3,60,0
104,Male,2012,0,1,0,nonSTEM,1,31,0
104,Male,2013,0,2,0,nonSTEM,1,32,0
104,Male,2014,0,3,0,nonSTEM,1,33,0
104,Male,2015,0,4,0,nonSTEM,1,34,0
104,Male,2016,0,5,1,nonSTEM,1,35,0
105,Female,2008,0,1,0,STEM,1,33,0
105,Female,2009,0,2,0,STEM,1,34,0
105,Female,2010,0,3,0,STEM,1,35,0
105,Female,2011,0,4,0,STEM,1,36,0
105,Female,2012,1,5,0,STEM,1,37,0
105,Female,2013,0,1,0,STEM,2,38,0
105,Female,2014,0,2,0,STEM,2,39,0
105,Female,2015,0,3,0,STEM,2,40,0
105,Female,2016,0,4,0,STEM,2,41,0
105,Female,2017,0,5,0,STEM,2,42,0
105,Female,2018,0,6,0,STEM,2,43,0
105,Female,2019,0,7,0,STEM,2,44,0
105,Female,2020,0,8,0,STEM,2,45,0
105,Female,2021,1,9,0,STEM,2,46,0
105,Female,2022,1,1,0,STEM,3,47,0
105,Female,2023,0,1,1,STEM,4,48,0
106,Male,2003,0,1,0,STEM,1,31,0
106,Male,2004,0,2,0,STEM,1,32,0
106,Male,2005,0,3,0,STEM,1,33,0
106,Male,2006,1,4,0,STEM,1,34,0
106,Male,2007,0,1,0,STEM,2,35,0
106,Male,2008,0,2,0,STEM,2,36,0
106,Male,2009,0,3,0,STEM,2,37,0
106,Male,2010,0,4,0,STEM,2,38,0
106,Male,2011,0,5,0,STEM,2,39,0
106,Male,2012,0,6,0,STEM,2,40,0
106,Male,2013,1,7,0,STEM,2,41,0
106,Male,2014,0,1,0,STEM,3,42,0
106,Male,2015,0,2,0,STEM,3,43,0
106,Male,2016,0,3,1,STEM,3,44,0
107,Female,2016,0,1,0,nonSTEM,1,31,0
107,Female,2017,0,2,0,nonSTEM,1,32,0
107,Female,2018,0,3,0,nonSTEM,1,33,0
107,Female,2019,0,4,0,nonSTEM,1,34,0
107,Female,2020,0,5,0,nonSTEM,1,35,0
107,Female,2021,1,6,0,nonSTEM,1,36,0
107,Female,2022,0,1,0,nonSTEM,2,37,0
107,Female,2023,0,2,0,nonSTEM,2,38,0
107,Female,2024,0,3,0,nonSTEM,2,39,0
107,Female,2025,0,4,1,nonSTEM,2,40,0
108,Female,2016,0,1,0,nonSTEM,1,32,0
108,Female,2017,0,2,0,nonSTEM,1,33,0
108,Female,2018,0,3,0,nonSTEM,1,34,0
108,Female,2019,0,4,0,nonSTEM,1,35,0
108,Female,2020,0,5,0,nonSTEM,1,36,0
108,Female,2021,0,6,0,nonSTEM,1,37,0
108,Female,2022,0,7,0,nonSTEM,1,38,0
108,Female,2023,1,8,0,nonSTEM,1,39,0
108,Female,2024,0,1,0,nonSTEM,2,40,0
108,Female,2025,0,2,1,nonSTEM,2,41,0
109,Male,2013,0,1,0,STEM,1,25,0
109,Male,2014,0,2,0,STEM,1,26,0
109,Male,2015,0,3,0,STEM,1,27,0
109,Male,2016,1,4,0,STEM,1,28,0
109,Male,2017,0,1,0,STEM,2,29,0
109,Male,2018,0,2,0,STEM,2,30,0
109,Male,2019,0,3,0,STEM,2,31,0
109,Male,2020,0,4,0,STEM,2,32,0
109,Male,2021,0,5,0,STEM,2,33,0
109,Male,2022,0,6,0,STEM,2,34,0
109,Male,2023,0,7,0,STEM,2,35,0
109,Male,2024,1,8,0,STEM,2,36,0
109,Male,2025,0,1,1,STEM,3,37,0
110,Male,2000,0,1,0,STEM,1,28,0
110,Male,2001,0,2,0,STEM,1,29,0
110,Male,2002,0,3,0,STEM,1,30,0
110,Male,2003,1,4,0,STEM,1,31,0
110,Male,2004,0,1,0,STEM,2,32,0
110,Male,2005,0,2,0,STEM,2,33,0
110,Male,2006,0,3,0,STEM,2,34,0
110,Male,2007,0,4,0,STEM,2,35,0
110,Male,2008,0,5,0,STEM,2,36,0
110,Male,2009,0,6,0,STEM,2,37,0
110,Male,2010,0,7,0,STEM,2,38,0
110,Male,2011,0,8,0,STEM,2,39,0
110,Male,2012,0,9,0,STEM,2,40,0
110,Male,2013,0,10,0,STEM,2,41,0
110,Male,2014,0,11,0,STEM,2,42,0
110,Male,2015,1,12,0,STEM,2,43,0
110,Male,2016,0,1,0,STEM,3,44,0
110,Male,2017,0,2,0,STEM,3,45,0
110,Male,2018,0,3,0,STEM,3,46,0
110,Male,2019,0,4,0,STEM,3,47,0
110,Male,2020,0,5,0,STEM,3,48,0
110,Male,2021,1,6,1,STEM,3,49,0
111,Female,2015,0,1,0,STEM,1,31,0
111,Female,2016,0,2,0,STEM,1,32,0
111,Female,2017,0,3,0,STEM,1,33,0
111,Female,2018,0,4,0,STEM,1,34,0
111,Female,2019,0,5,1,STEM,1,35,0
112,Male,1992,1,1,0,STEM,1,28,0
112,Male,1993,0,1,0,STEM,2,29,0
112,Male,1994,0,2,0,STEM,2,30,0
112,Male,1995,0,3,0,STEM,2,31,0
112,Male,1996,0,4,0,STEM,2,32,0
112,Male,1997,0,5,0,STEM,2,33,0
112,Male,1998,0,6,0,STEM,2,34,0
112,Male,1999,1,7,0,STEM,2,35,0
112,Male,2000,0,1,0,STEM,3,36,0
112,Male,2001,0,2,0,STEM,3,37,0
112,Male,2002,0,3,0,STEM,3,38,0
112,Male,2003,0,4,0,STEM,3,39,0
112,Male,2004,0,5,0,STEM,3,40,0
112,Male,2005,0,6,0,STEM,3,41,0
112,Male,2006,0,7,0,STEM,3,42,0
112,Male,2007,0,8,0,STEM,3,43,0
112,Male,2008,0,9,0,STEM,3,44,0
112,Male,2009,1,10,0,STEM,3,45,0
112,Male,2010,0,1,0,STEM,4,46,0
112,Male,2011,0,2,1,STEM,4,47,0
113,Female,1997,0,1,0,nonSTEM,1,27,0
113,Female,1998,0,2,0,nonSTEM,1,28,0
113,Female,1999,0,3,0,nonSTEM,1,29,0
113,Female,2000,0,4,0,nonSTEM,1,30,0
113,Female,2001,1,5,0,nonSTEM,1,31,0
113,Female,2002,0,1,0,nonSTEM,2,32,0
113,Female,2003,0,2,0,nonSTEM,2,33,0
113,Female,2004,0,3,0,nonSTEM,2,34,0
113,Female,2005,0,4,0,nonSTEM,2,35,0
113,Female,2006,0,5,0,nonSTEM,2,36,0
113,Female,2007,0,6,0,nonSTEM,2,37,0
113,Female,2008,0,7,0,nonSTEM,2,38,0
113,Female,2009,0,8,0,nonSTEM,2,39,0
113,Female,2010,1,9,0,nonSTEM,2,40,0
113,Female,2011,0,1,0,nonSTEM,3,41,0
113,Female,2012,0,2,0,nonSTEM,3,42,0
113,Female,2013,0,3,0,nonSTEM,3,43,0
113,Female,2014,0,4,0,nonSTEM,3,44,0
113,Female,2015,0,5,0,nonSTEM,3,45,0
113,Female,2016,0,6,0,nonSTEM,3,46,0
113,Female,2017,0,7,0,nonSTEM,3,47,0
113,Female,2018,0,8,0,nonSTEM,3,48,0
113,Female,2019,0,9,1,nonSTEM,3,49,0
114,Male,2007,0,1,0,STEM,1,34,0
114,Male,2008,0,2,0,STEM,1,35,0
114,Male,2009,0,3,0,STEM,1,36,0
114,Male,2010,0,4,0,STEM,1,37,0
114,Male,2011,1,5,0,STEM,1,38,0
114,Male,2012,0,1,0,STEM,2,39,0
114,Male,2013,0,2,0,STEM,2,40,0
114,Male,2014,0,3,0,STEM,2,41,0
114,Male,2015,0,4,0,STEM,2,42,0
114,Male,2016,0,5,0,STEM,2,43,0
114,Male,2017,0,6,0,STEM,2,44,0
114,Male,2018,1,7,0,STEM,2,45,0
114,Male,2019,0,1,0,STEM,3,46,0
114,Male,2020,0,2,0,STEM,3,47,0
114,Male,2021,0,3,0,STEM,3,48,0
114,Male,2022,0,4,0,STEM,3,49,0
114,Male,2023,0,5,0,STEM,3,50,0
114,Male,2024,0,6,1,STEM,3,51,0
115,Male,2000,0,1,0,STEM,1,33,0
115,Male,2001,0,2,0,STEM,1,34,0
115,Male,2002,0,3,0,STEM,1,35,0
115,Male,2003,0,4,0,STEM,1,36,0
115,Male,2004,0,5,0,STEM,1,37,0
115,Male,2005,0,6,0,STEM,1,38,0
115,Male,2006,1,7,0,STEM,1,39,0
115,Male,2007,0,1,0,STEM,2,40,0
115,Male,2008,0,2,0,STEM,2,41,0
115,Male,2009,0,3,1,STEM,2,42,0
116,Female,1993,0,1,0,nonSTEM,1,34,0
116,Female,1994,0,2,0,nonSTEM,1,35,0
116,Female,1995,0,3,0,nonSTEM,1,36,0
116,Female,1996,0,4,0,nonSTEM,1,37,0
116,Female,1997,0,5,0,nonSTEM,1,38,0
116,Female,1998,0,6,0,nonSTEM,1,39,0
116,Female,1999,0,7,0,nonSTEM,1,40,0
116,Female,2000,1,8,0,nonSTEM,1,41,0
116,Female,2001,0,1,0,nonSTEM,2,42,0
116,Female,2002,0,2,0,nonSTEM,2,43,0
116,Female,2003,0,3,0,nonSTEM,2,44,0
116,Female,2004,0,4,0,nonSTEM,2,45,0
116,Female,2005,0,5,0,nonSTEM,2,46,0
116,Female,2006,0,6,0,nonSTEM,2,47,0
116,Female,2007,0,7,0,nonSTEM,2,48,0
116,Female,2008,0,8,0,nonSTEM,2,49,0
116,Female,2009,1,9,0,nonSTEM,2,50,0
116,Female,2010,0,1,0,nonSTEM,3,51,0
116,Female,2011,0,2,0,nonSTEM,3,52,0
116,Female,2012,0,3,0,nonSTEM,3,53,0
116,Female,2013,0,4,0,nonSTEM,3,54,0
116,Female,2014,0,5,0,nonSTEM,3,55,0
116,Female,2015,0,6,0,nonSTEM,3,56,0
116,Female,2016,0,7,0,nonSTEM,3,57,0
116,Female,2017,0,8,0,nonSTEM,3,58,0
116,Female,2018,0,9,1,nonSTEM,3,59,0
117,Male,1995,0,1,0,STEM,1,31,0
117,Male,1996,0,2,0,STEM,1,32,0
117,Male,1997,0,3,0,STEM,1,33,0
117,Male,1998,0,4,0,STEM,1,34,0
117,Male,1999,0,5,0,STEM,1,35,0
117,Male,2000,1,6,0,STEM,1,36,0
117,Male,2001,0,1,0,STEM,2,37,0
117,Male,2002,0,2,0,STEM,2,38,0
117,Male,2003,0,3,0,STEM,2,39,0
117,Male,2004,0,4,0,STEM,2,40,0
117,Male,2005,0,5,0,STEM,2,41,0
117,Male,2006,1,6,0,STEM,2,42,0
117,Male,2007,0,1,0,STEM,3,43,0
117,Male,2008,0,2,0,STEM,3,44,0
117,Male,2009,0,3,0,STEM,3,45,0
117,Male,2010,0,4,1,STEM,3,46,0
118,Male,1995,0,1,0,STEM,1,31,0
118,Male,1996,0,2,0,STEM,1,32,0
118,Male,1997,0,3,0,STEM,1,33,0
118,Male,1998,0,4,0,STEM,1,34,0
118,Male,1999,0,5,0,STEM,1,35,0
118,Male,2000,0,6,0,STEM,1,36,0
118,Male,2001,0,7,0,STEM,1,37,0
118,Male,2002,0,8,0,STEM,1,38,0
118,Male,2003,1,9,0,STEM,1,39,0
118,Male,2004,0,1,0,STEM,2,40,0
118,Male,2005,0,2,0,STEM,2,41,0
118,Male,2006,0,3,0,STEM,2,42,0
118,Male,2007,0,4,0,STEM,2,43,0
118,Male,2008,0,5,0,STEM,2,44,0
118,Male,2009,1,6,0,STEM,2,45,0
118,Male,2010,0,1,0,STEM,3,46,0
118,Male,2011,0,2,0,STEM,3,47,0
118,Male,2012,0,3,1,STEM,3,48,0
119,Male,1992,0,1,0,nonSTEM,1,30,0
119,Male,1993,0,2,0,nonSTEM,1,31,0
119,Male,1994,0,3,0,nonSTEM,1,32,0
119,Male,1995,0,4,0,nonSTEM,1,33,0
119,Male,1996,0,5,0,nonSTEM,1,34,0
119,Male,1997,1,6,0,nonSTEM,1,35,0
119,Male,1998,0,1,0,nonSTEM,2,36,0
119,Male,1999,0,2,0,nonSTEM,2,37,0
119,Male,2000,1,3,0,nonSTEM,2,38,0
119,Male,2001,0,1,0,nonSTEM,3,39,0
119,Male,2002,0,2,0,nonSTEM,3,40,0
119,Male,2003,0,3,0,nonSTEM,3,41,0
119,Male,2004,0,4,0,nonSTEM,3,42,0
119,Male,2005,0,5,0,nonSTEM,3,43,0
119,Male,2006,0,6,1,nonSTEM,3,44,0
120,Male,1995,0,1,0,STEM,1,31,0
120,Male,1996,0,2,0,STEM,1,32,0
120,Male,1997,1,3,0,STEM,1,33,0
120,Male,1998,0,1,0,STEM,2,34,0
120,Male,1999,0,2,0,STEM,2,35,0
120,Male,2000,0,3,0,STEM,2,36,0
120,Male,2001,0,4,0,STEM,2,37,0
120,Male,2002,0,5,0,STEM,2,38,0
120,Male,2003,0,6,0,STEM,2,39,0
120,Male,2004,0,7,0,STEM,2,40,0
120,Male,2005,0,8,0,STEM,2,41,0
120,Male,2006,1,9,0,STEM,2,42,0
120,Male,2007,0,1,0,STEM,3,43,0
120,Male,2008,0,2,0,STEM,3,44,0
120,Male,2009,0,3,0,STEM,3,45,0
120,Male,2010,0,4,0,STEM,3,46,0
120,Male,2011,0,5,0,STEM,3,47,0
120,Male,2012,0,6,0,STEM,3,48,0
120,Male,2013,0,7,0,STEM,3,49,0
120,Male,2014,0,8,0,STEM,3,50,0
120,Male,2015,0,9,0,STEM,3,51,0
120,Male,2016,0,10,0,STEM,3,52,0
120,Male,2017,1,11,0,STEM,3,53,0
120,Male,2018,0,1,0,STEM,4,54,0
120,Male,2019,0,2,1,STEM,4,55,0
121,Female,1992,0,1,0,STEM,1,34,0
121,Female,1993,0,2,0,STEM,1,35,0
121,Female,1994,0,3,0,STEM,1,36,0
121,Female,1995,0,4,0,STEM,1,37,0
121,Female,1996,1,5,0,STEM,1,38,0
121,Female,1997,0,1,0,STEM,2,39,0
121,Female,1998,0,2,0,STEM,2,40,0
121,Female,1999,0,3,0,STEM,2,41,0
121,Female,2000,0,4,0,STEM,2,42,0
121,Female,2001,0,5,0,STEM,2,43,0
121,Female,2002,0,6,0,STEM,2,44,0
121,Female,2003,1,7,0,STEM,2,45,0
121,Female,2004,1,1,0,STEM,3,46,0
121,Female,2005,0,1,0,STEM,4,47,0
121,Female,2006,0,2,0,STEM,4,48,0
121,Female,2007,0,3,0,STEM,4,49,0
121,Female,2008,0,4,0,STEM,4,50,0
121,Female,2009,0,5,0,STEM,4,51,0
121,Female,2010,0,6,0,STEM,4,52,0
121,Female,2011,0,7,0,STEM,4,53,0
121,Female,2012,0,8,0,STEM,4,54,0
121,Female,2013,0,9,1,STEM,4,55,0
122,Male,2008,0,1,0,nonSTEM,1,25,0
122,Male,2009,0,2,0,nonSTEM,1,26,0
122,Male,2010,0,3,0,nonSTEM,1,27,0
122,Male,2011,0,4,0,nonSTEM,1,28,0
122,Male,2012,0,5,0,nonSTEM,1,29,0
122,Male,2013,1,6,0,nonSTEM,1,30,0
122,Male,2014,0,1,0,nonSTEM,2,31,0
122,Male,2015,0,2,0,nonSTEM,2,32,0
122,Male,2016,0,3,0,nonSTEM,2,33,0
122,Male,2017,0,4,0,nonSTEM,2,34,0
122,Male,2018,0,5,0,nonSTEM,2,35,0
122,Male,2019,0,6,0,nonSTEM,2,36,0
122,Male,2020,0,7,0,nonSTEM,2,37,0
122,Male,2021,0,8,1,nonSTEM,2,38,0
123,Male,2001,0,1,0,STEM,1,32,0
123,Male,2002,0,2,0,STEM,1,33,0
123,Male,2003,0,3,0,STEM,1,34,0
123,Male,2004,0,4,0,STEM,1,35,0
123,Male,2005,0,5,0,STEM,1,36,0
123,Male,2006,1,6,0,STEM,1,37,0
123,Male,2007,0,1,0,STEM,2,38,0
123,Male,2008,0,2,0,STEM,2,39,0
123,Male,2009,0,3,0,STEM,2,40,0
123,Male,2010,0,4,0,STEM,2,41,0
123,Male,2011,1,5,0,STEM,2,42,0
123,Male,2012,0,1,0,STEM,3,43,0
123,Male,2013,0,2,0,STEM,3,44,0
123,Male,2014,0,3,0,STEM,3,45,0
123,Male,2015,0,4,0,STEM,3,46,0
123,Male,2016,0,5,0,STEM,3,47,0
123,Male,2017,0,6,0,STEM,3,48,0
123,Male,2018,0,7,0,STEM,3,49,0
123,Male,2019,0,8,0,STEM,3,50,0
123,Male,2020,0,9,0,STEM,3,51,0
123,Male,2021,1,10,0,STEM,3,52,0
123,Male,2022,0,1,0,STEM,4,53,0
123,Male,2023,0,2,0,STEM,4,54,0
123,Male,2024,0,3,0,STEM,4,55,0
123,Male,2025,0,4,1,STEM,4,56,0
124,Female,1998,0,1,0,nonSTEM,1,32,0
124,Female,1999,0,2,0,nonSTEM,1,33,0
124,Female,2000,0,3,0,nonSTEM,1,34,0
124,Female,2001,0,4,0,nonSTEM,1,35,0
124,Female,2002,0,5,0,nonSTEM,1,36,0
124,Female,2003,0,6,0,nonSTEM,1,37,0
124,Female,2004,0,7,0,nonSTEM,1,38,0
124,Female,2005,1,8,0,nonSTEM,1,39,0
124,Female,2006,0,1,0,nonSTEM,2,40,0
124,Female,2007,0,2,0,nonSTEM,2,41,0
124,Female,2008,0,3,0,nonSTEM,2,42,0
124,Female,2009,0,4,0,nonSTEM,2,43,0
124,Female,2010,0,5,1,nonSTEM,2,44,0
125,Female,2014,0,1,0,STEM,1,34,0
125,Female,2015,0,2,0,STEM,1,35,0
125,Female,2016,0,3,0,STEM,1,36,0
125,Female,2017,0,4,0,STEM,1,37,0
125,Female,2018,1,5,0,STEM,1,38,0
125,Female,2019,0,1,0,STEM,2,39,0
125,Female,2020,0,2,0,STEM,2,40,0
125,Female,2021,0,3,0,STEM,2,41,0
125,Female,2022,0,4,0,STEM,2,42,0
125,Female,2023,0,5,0,STEM,2,43,0
125,Female,2024,1,6,0,STEM,2,44,0
125,Female,2025,0,1,1,STEM,3,45,0
126,Female,2003,0,1,0,nonSTEM,1,32,0
126,Female,2004,0,2,0,nonSTEM,1,33,0
126,Female,2005,0,3,0,nonSTEM,1,34,0
126,Female,2006,0,4,0,nonSTEM,1,35,0
126,Female,2007,0,5,0,nonSTEM,1,36,0
126,Female,2008,0,6,0,nonSTEM,1,37,0
126,Female,2009,0,7,0,nonSTEM,1,38,0
126,Female,2010,0,8,0,nonSTEM,1,39,0
126,Female,2011,0,9,0,nonSTEM,1,40,0
126,Female,2012,1,10,0,nonSTEM,1,41,0
126,Female,2013,0,1,0,nonSTEM,2,42,0
126,Female,2014,0,2,0,nonSTEM,2,43,0
126,Female,2015,0,3,0,nonSTEM,2,44,0
126,Female,2016,0,4,0,nonSTEM,2,45,0
126,Female,2017,0,5,0,nonSTEM,2,46,0
126,Female,2018,0,6,0,nonSTEM,2,47,0
126,Female,2019,0,7,0,nonSTEM,2,48,0
126,Female,2020,0,8,0,nonSTEM,2,49,0
126,Female,2021,0,9,0,nonSTEM,2,50,0
126,Female,2022,0,10,0,nonSTEM,2,51,0
126,Female,2023,0,11,0,nonSTEM,2,52,0
126,Female,2024,0,12,0,nonSTEM,2,53,0
126,Female,2025,1,13,1,nonSTEM,2,54,0
127,Male,1992,0,1,0,STEM,1,26,0
127,Male,1993,0,2,0,STEM,1,27,0
127,Male,1994,1,3,0,STEM,1,28,0
127,Male,1995,0,1,0,STEM,2,29,0
127,Male,1996,0,2,0,STEM,2,30,0
127,Male,1997,0,3,0,STEM,2,31,0
127,Male,1998,0,4,0,STEM,2,32,0
127,Male,1999,0,5,0,STEM,2,33,0
127,Male,2000,0,6,0,STEM,2,34,0
127,Male,2001,0,7,0,STEM,2,35,0
127,Male,2002,0,8,0,STEM,2,36,0
127,Male,2003,0,9,0,STEM,2,37,0
127,Male,2004,0,10,0,STEM,2,38,0
127,Male,2005,1,11,0,STEM,2,39,0
127,Male,2006,0,1,1,STEM,3,40,0
128,Male,1997,0,1,0,STEM,1,34,0
128,Male,1998,0,2,0,STEM,1,35,0
128,Male,1999,0,3,0,STEM,1,36,0
128,Male,2000,1,4,0,STEM,1,37,0
128,Male,2001,0,1,0,STEM,2,38,0
128,Male,2002,0,2,0,STEM,2,39,0
128,Male,2003,0,3,0,STEM,2,40,0
128,Male,2004,0,4,0,STEM,2,41,0
128,Male,2005,0,5,0,STEM,2,42,0
128,Male,2006,1,6,0,STEM,2,43,0
128,Male,2007,0,1,0,STEM,3,44,0
128,Male,2008,0,2,0,STEM,3,45,0
128,Male,2009,0,3,0,STEM,3,46,0
128,Male,2010,0,4,0,STEM,3,47,0
128,Male,2011,0,5,0,STEM,3,48,0
128,Male,2012,0,6,0,STEM,3,49,0
128,Male,2013,0,7,0,STEM,3,50,0
128,Male,2014,0,8,0,STEM,3,51,0
128,Male,2015,1,9,0,STEM,3,52,0
128,Male,2016,0,1,0,STEM,4,53,0
128,Male,2017,0,2,0,STEM,4,54,0
128,Male,2018,0,3,0,STEM,4,55,0
128,Male,2019,0,4,0,STEM,4,56,0
128,Male,2020,0,5,0,STEM,4,57,0
128,Male,2021,0,6,0,STEM,4,58,0
128,Male,2022,0,7,0,STEM,4,59,0
128,Male,2023,0,8,0,STEM,4,60,0
128,Male,2024,0,9,0,STEM,4,61,0
128,Male,2025,0,10,1,STEM,4,62,0
129,Female,2006,0,1,0,nonSTEM,1,31,0
129,Female,2007,0,2,0,nonSTEM,1,32,0
129,Female,2008,0,3,0,nonSTEM,1,33,0
129,Female,2009,0,4,0,nonSTEM,1,34,0
129,Female,2010,0,5,0,nonSTEM,1,35,0
129,Female,2011,0,6,0,nonSTEM,1,36,0
129,Female,2012,0,7,0,nonSTEM,1,37,0
129,Female,2013,0,8,0,nonSTEM,1,38,0
129,Female,2014,1,9,0,nonSTEM,1,39,0
129,Female,2015,0,1,0,nonSTEM,2,40,0
129,Female,2016,0,2,0,nonSTEM,2,41,0
129,Female,2017,0,3,0,nonSTEM,2,42,0
129,Female,2018,0,4,0,nonSTEM,2,43,0
129,Female,2019,0,5,0,nonSTEM,2,44,0
129,Female,2020,0,6,0,nonSTEM,2,45,0
129,Female,2021,0,7,0,nonSTEM,2,46,0
129,Female,2022,1,8,0,nonSTEM,2,47,0
129,Female,2023,0,1,0,nonSTEM,3,48,0
129,Female,2024,0,2,0,nonSTEM,3,49,0
129,Female,2025,0,3,1,nonSTEM,3,50,0
130,Female,2008,0,1,0,nonSTEM,1,31,0
130,Female,2009,0,2,0,nonSTEM,1,32,0
130,Female,2010,0,3,0,nonSTEM,1,33,0
130,Female,2011,0,4,0,nonSTEM,1,34,0
130,Female,2012,0,5,0,nonSTEM,1,35,0
130,Female,2013,0,6,0,nonSTEM,1,36,0
130,Female,2014,1,7,0,nonSTEM,1,37,0
130,Female,2015,0,1,0,nonSTEM,2,38,0
130,Female,2016,0,2,0,nonSTEM,2,39,0
130,Female,2017,0,3,0,nonSTEM,2,40,0
130,Female,2018,0,4,0,nonSTEM,2,41,0
130,Female,2019,1,5,0,nonSTEM,2,42,0
130,Female,2020,0,1,0,nonSTEM,3,43,0
130,Female,2021,0,2,0,nonSTEM,3,44,0
130,Female,2022,0,3,0,nonSTEM,3,45,0
130,Female,2023,0,4,0,nonSTEM,3,46,0
130,Female,2024,0,5,0,nonSTEM,3,47,0
130,Female,2025,0,6,1,nonSTEM,3,48,0
131,Male,2006,0,1,0,nonSTEM,1,28,0
131,Male,2007,0,2,0,nonSTEM,1,29,0
131,Male,2008,0,3,0,nonSTEM,1,30,0
131,Male,2009,0,4,0,nonSTEM,1,31,0
131,Male,2010,0,5,0,nonSTEM,1,32,0
131,Male,2011,0,6,0,nonSTEM,1,33,0
131,Male,2012,1,7,0,nonSTEM,1,34,0
131,Male,2013,0,1,0,nonSTEM,2,35,0
131,Male,2014,0,2,0,nonSTEM,2,36,0
131,Male,2015,0,3,0,nonSTEM,2,37,0
131,Male,2016,0,4,0,nonSTEM,2,38,0
131,Male,2017,0,5,1,nonSTEM,2,39,0
132,Female,1998,0,1,0,nonSTEM,1,35,0
132,Female,1999,0,2,0,nonSTEM,1,36,0
132,Female,2000,0,3,0,nonSTEM,1,37,0
132,Female,2001,0,4,0,nonSTEM,1,38,0
132,Female,2002,1,5,0,nonSTEM,1,39,0
132,Female,2003,0,1,0,nonSTEM,2,40,0
132,Female,2004,0,2,0,nonSTEM,2,41,0
132,Female,2005,0,3,0,nonSTEM,2,42,0
132,Female,2006,0,4,0,nonSTEM,2,43,0
132,Female,2007,0,5,0,nonSTEM,2,44,0
132,Female,2008,0,6,0,nonSTEM,2,45,0
132,Female,2009,0,7,0,nonSTEM,2,46,0
132,Female,2010,1,8,0,nonSTEM,2,47,0
132,Female,2011,0,1,0,nonSTEM,3,48,0
132,Female,2012,1,2,1,nonSTEM,3,49,0
133,Female,1999,0,1,0,STEM,1,35,0
133,Female,2000,0,2,0,STEM,1,36,0
133,Female,2001,0,3,0,STEM,1,37,0
133,Female,2002,0,4,0,STEM,1,38,0
133,Female,2003,0,5,0,STEM,1,39,0
133,Female,2004,0,6,0,STEM,1,40,0
133,Female,2005,0,7,0,STEM,1,41,0
133,Female,2006,1,8,0,STEM,1,42,0
133,Female,2007,0,1,0,STEM,2,43,0
133,Female,2008,0,2,0,STEM,2,44,0
133,Female,2009,0,3,0,STEM,2,45,0
133,Female,2010,0,4,0,STEM,2,46,0
133,Female,2011,0,5,0,STEM,2,47,0
133,Female,2012,0,6,0,STEM,2,48,0
133,Female,2013,0,7,1,STEM,2,49,0
134,Female,1990,0,1,0,nonSTEM,1,32,0
134,Female,1991,0,2,0,nonSTEM,1,33,0
134,Female,1992,0,3,0,nonSTEM,1,34,0
134,Female,1993,0,4,0,nonSTEM,1,35,0
134,Female,1994,0,5,0,nonSTEM,1,36,0
134,Female,1995,0,6,0,nonSTEM,1,37,0
134,Female,1996,0,7,0,nonSTEM,1,38,0
134,Female,1997,0,8,0,nonSTEM,1,39,0
134,Female,1998,0,9,0,nonSTEM,1,40,0
134,Female,1999,1,10,0,nonSTEM,1,41,0
134,Female,2000,0,1,0,nonSTEM,2,42,0
134,Female,2001,0,2,0,nonSTEM,2,43,0
134,Female,2002,0,3,0,nonSTEM,2,44,0
134,Female,2003,0,4,1,nonSTEM,2,45,0
135,Female,1999,0,1,0,nonSTEM,1,36,0
135,Female,2000,0,2,0,nonSTEM,1,37,0
135,Female,2001,0,3,0,nonSTEM,1,38,0
135,Female,2002,0,4,0,nonSTEM,1,39,0
135,Female,2003,0,5,0,nonSTEM,1,40,0
135,Female,2004,0,6,0,nonSTEM,1,41,0
135,Female,2005,1,7,0,nonSTEM,1,42,0
135,Female,2006,0,1,0,nonSTEM,2,43,0
135,Female,2007,0,2,0,nonSTEM,2,44,0
135,Female,2008,0,3,0,nonSTEM,2,45,0
135,Female,2009,0,4,0,nonSTEM,2,46,0
135,Female,2010,0,5,0,nonSTEM,2,47,0
135,Female,2011,0,6,0,nonSTEM,2,48,0
135,Female,2012,0,7,0,nonSTEM,2,49,0
135,Female,2013,0,8,0,nonSTEM,2,50,0
135,Female,2014,1,9,0,nonSTEM,2,51,0
135,Female,2015,0,1,0,nonSTEM,3,52,0
135,Female,2016,0,2,0,nonSTEM,3,53,0
135,Female,2017,0,3,0,nonSTEM,3,54,0
135,Female,2018,0,4,0,nonSTEM,3,55,0
135,Female,2019,0,5,0,nonSTEM,3,56,0
135,Female,2020,0,6,0,nonSTEM,3,57,0
135,Female,2021,0,7,0,nonSTEM,3,58,0
135,Female,2022,0,8,0,nonSTEM,3,59,0
135,Female,2023,0,9,1,nonSTEM,3,60,0
136,Female,1996,0,1,0,nonSTEM,1,34,0
136,Female,1997,0,2,0,nonSTEM,1,35,0
136,Female,1998,0,3,0,nonSTEM,1,36,0
136,Female,1999,0,4,0,nonSTEM,1,37,0
136,Female,2000,0,5,0,nonSTEM,1,38,0
136,Female,2001,1,6,0,nonSTEM,1,39,0
136,Female,2002,0,1,0,nonSTEM,2,40,0
136,Female,2003,0,2,0,nonSTEM,2,41,0
136,Female,2004,0,3,0,nonSTEM,2,42,0
136,Female,2005,0,4,0,nonSTEM,2,43,0
136,Female,2006,0,5,0,nonSTEM,2,44,0
136,Female,2007,0,6,0,nonSTEM,2,45,0
136,Female,2008,0,7,0,nonSTEM,2,46,0
136,Female,2009,0,8,0,nonSTEM,2,47,0
136,Female,2010,1,9,0,nonSTEM,2,48,0
136,Female,2011,0,1,0,nonSTEM,3,49,0
136,Female,2012,0,2,0,nonSTEM,3,50,0
136,Female,2013,0,3,0,nonSTEM,3,51,0
136,Female,2014,0,4,0,nonSTEM,3,52,0
136,Female,2015,0,5,0,nonSTEM,3,53,0
136,Female,2016,0,6,0,nonSTEM,3,54,0
136,Female,2017,0,7,1,nonSTEM,3,55,0
137,Male,2008,0,1,0,STEM,1,28,0
137,Male,2009,0,2,0,STEM,1,29,0
137,Male,2010,0,3,0,STEM,1,30,0
137,Male,2011,0,4,0,STEM,1,31,0
137,Male,2012,1,5,0,STEM,1,32,0
137,Male,2013,0,1,0,STEM,2,33,0
137,Male,2014,0,2,0,STEM,2,34,0
137,Male,2015,0,3,0,STEM,2,35,0
137,Male,2016,0,4,0,STEM,2,36,0
137,Male,2017,0,5,0,STEM,2,37,0
137,Male,2018,0,6,0,STEM,2,38,0
137,Male,2019,0,7,0,STEM,2,39,0
137,Male,2020,0,8,1,STEM,2,40,0
138,Female,2010,0,1,0,nonSTEM,1,35,0
138,Female,2011,0,2,0,nonSTEM,1,36,0
138,Female,2012,0,3,0,nonSTEM,1,37,0
138,Female,2013,0,4,0,nonSTEM,1,38,0
138,Female,2014,0,5,0,nonSTEM,1,39,0
138,Female,2015,0,6,0,nonSTEM,1,40,0
138,Female,2016,0,7,0,nonSTEM,1,41,0
138,Female,2017,0,8,0,nonSTEM,1,42,0
138,Female,2018,1,9,0,nonSTEM,1,43,0
138,Female,2019,0,1,0,nonSTEM,2,44,0
138,Female,2020,0,2,0,nonSTEM,2,45,0
138,Female,2021,0,3,0,nonSTEM,2,46,0
138,Female,2022,0,4,0,nonSTEM,2,47,0
138,Female,2023,0,5,0,nonSTEM,2,48,0
138,Female,2024,0,6,0,nonSTEM,2,49,0
138,Female,2025,0,7,1,nonSTEM,2,50,0
139,Male,1998,1,1,0,nonSTEM,1,28,0
139,Male,1999,0,1,0,nonSTEM,2,29,0
139,Male,2000,0,2,0,nonSTEM,2,30,0
139,Male,2001,0,3,0,nonSTEM,2,31,0
139,Male,2002,0,4,0,nonSTEM,2,32,0
139,Male,2003,0,5,0,nonSTEM,2,33,0
139,Male,2004,0,6,0,nonSTEM,2,34,0
139,Male,2005,0,7,0,nonSTEM,2,35,0
139,Male,2006,0,8,0,nonSTEM,2,36,0
139,Male,2007,1,9,0,nonSTEM,2,37,0
139,Male,2008,0,1,0,nonSTEM,3,38,0
139,Male,2009,0,2,0,nonSTEM,3,39,0
139,Male,2010,1,3,1,nonSTEM,3,40,0
140,Male,2003,0,1,0,STEM,1,35,0
140,Male,2004,0,2,0,STEM,1,36,0
140,Male,2005,0,3,0,STEM,1,37,0
140,Male,2006,0,4,0,STEM,1,38,0
140,Male,2007,0,5,0,STEM,1,39,0
140,Male,2008,1,6,0,STEM,1,40,0
140,Male,2009,0,1,0,STEM,2,41,0
140,Male,2010,0,2,0,STEM,2,42,0
140,Male,2011,0,3,0,STEM,2,43,0
140,Male,2012,0,4,0,STEM,2,44,0
140,Male,2013,0,5,0,STEM,2,45,0
140,Male,2014,1,6,0,STEM,2,46,0
140,Male,2015,0,1,0,STEM,3,47,0
140,Male,2016,0,2,1,STEM,3,48,0
141,Male,2004,0,1,0,STEM,1,25,0
141,Male,2005,0,2,0,STEM,1,26,0
141,Male,2006,0,3,0,STEM,1,27,0
141,Male,2007,0,4,0,STEM,1,28,0
141,Male,2008,0,5,0,STEM,1,29,0
141,Male,2009,0,6,0,STEM,1,30,0
141,Male,2010,0,7,0,STEM,1,31,0
141,Male,2011,0,8,0,STEM,1,32,0
141,Male,2012,1,9,0,STEM,1,33,0
141,Male,2013,0,1,1,STEM,2,34,0
142,Male,2012,0,1,0,nonSTEM,1,31,0
142,Male,2013,0,2,0,nonSTEM,1,32,0
142,Male,2014,0,3,0,nonSTEM,1,33,0
142,Male,2015,0,4,0,nonSTEM,1,34,0
142,Male,2016,0,5,0,nonSTEM,1,35,0
142,Male,2017,1,6,0,nonSTEM,1,36,0
142,Male,2018,0,1,0,nonSTEM,2,37,0
142,Male,2019,0,2,0,nonSTEM,2,38,0
142,Male,2020,0,3,0,nonSTEM,2,39,0
142,Male,2021,0,4,0,nonSTEM,2,40,0
142,Male,2022,0,5,0,nonSTEM,2,41,0
142,Male,2023,0,6,0,nonSTEM,2,42,0
142,Male,2024,1,7,0,nonSTEM,2,43,0
142,Male,2025,0,1,1,nonSTEM,3,44,0
143,Female,2010,0,1,0,STEM,1,27,0
143,Female,2011,0,2,0,STEM,1,28,0
143,Female,2012,0,3,0,STEM,1,29,0
143,Female,2013,0,4,0,STEM,1,30,0
143,Female,2014,1,5,0,STEM,1,31,0
143,Female,2015,0,1,0,STEM,2,32,0
143,Female,2016,0,2,0,STEM,2,33,0
143,Female,2017,0,3,0,STEM,2,34,0
143,Female,2018,0,4,0,STEM,2,35,0
143,Female,2019,0,5,0,STEM,2,36,0
143,Female,2020,0,6,0,STEM,2,37,0
143,Female,2021,0,7,0,STEM,2,38,0
143,Female,2022,0,8,1,STEM,2,39,0
144,Female,2008,0,1,0,nonSTEM,1,30,0
144,Female,2009,0,2,0,nonSTEM,1,31,0
144,Female,2010,0,3,0,nonSTEM,1,32,0
144,Female,2011,0,4,0,nonSTEM,1,33,0
144,Female,2012,0,5,0,nonSTEM,1,34,0
144,Female,2013,1,6,0,nonSTEM,1,35,0
144,Female,2014,0,1,0,nonSTEM,2,36,0
144,Female,2015,0,2,0,nonSTEM,2,37,0
144,Female,2016,0,3,0,nonSTEM,2,38,0
144,Female,2017,0,4,0,nonSTEM,2,39,0
144,Female,2018,1,5,0,nonSTEM,2,40,0
144,Female,2019,0,1,0,nonSTEM,3,41,0
144,Female,2020,0,2,0,nonSTEM,3,42,0
144,Female,2021,0,3,0,nonSTEM,3,43,0
144,Female,2022,0,4,0,nonSTEM,3,44,0
144,Female,2023,0,5,0,nonSTEM,3,45,0
144,Female,2024,0,6,0,nonSTEM,3,46,0
144,Female,2025,0,7,1,nonSTEM,3,47,0
145,Male,2015,0,1,0,nonSTEM,1,26,0
145,Male,2016,0,2,0,nonSTEM,1,27,0
145,Male,2017,0,3,0,nonSTEM,1,28,0
145,Male,2018,0,4,0,nonSTEM,1,29,0
145,Male,2019,0,5,0,nonSTEM,1,30,0
145,Male,2020,0,6,0,nonSTEM,1,31,0
145,Male,2021,0,7,0,nonSTEM,1,32,0
145,Male,2022,0,8,0,nonSTEM,1,33,0
145,Male,2023,0,9,0,nonSTEM,1,34,0
145,Male,2024,1,10,0,nonSTEM,1,35,0
145,Male,2025,0,1,1,nonSTEM,2,36,0
146,Male,2009,0,1,0,STEM,1,29,0
146,Male,2010,0,2,0,STEM,1,30,0
146,Male,2011,0,3,0,STEM,1,31,0
146,Male,2012,0,4,0,STEM,1,32,0
146,Male,2013,1,5,0,STEM,1,33,0
146,Male,2014,0,1,0,STEM,2,34,0
146,Male,2015,0,2,0,STEM,2,35,0
146,Male,2016,0,3,0,STEM,2,36,0
146,Male,2017,0,4,0,STEM,2,37,0
146,Male,2018,0,5,0,STEM,2,38,0
146,Male,2019,0,6,0,STEM,2,39,0
146,Male,2020,1,7,0,STEM,2,40,0
146,Male,2021,0,1,0,STEM,3,41,0
146,Male,2022,0,2,0,STEM,3,42,0
146,Male,2023,0,3,0,STEM,3,43,0
146,Male,2024,0,4,0,STEM,3,44,0
146,Male,2025,0,5,1,STEM,3,45,0
147,Male,1995,0,1,0,STEM,1,30,0
147,Male,1996,0,2,0,STEM,1,31,0
147,Male,1997,0,3,0,STEM,1,32,0
147,Male,1998,0,4,0,STEM,1,33,0
147,Male,1999,0,5,0,STEM,1,34,0
147,Male,2000,1,6,0,STEM,1,35,0
147,Male,2001,0,1,0,STEM,2,36,0
147,Male,2002,0,2,0,STEM,2,37,0
147,Male,2003,1,3,0,STEM,2,38,0
147,Male,2004,0,1,0,STEM,3,39,0
147,Male,2005,0,2,0,STEM,3,40,0
147,Male,2006,0,3,0,STEM,3,41,0
147,Male,2007,0,4,1,STEM,3,42,0
148,Male,1998,0,1,0,STEM,1,31,0
148,Male,1999,0,2,0,STEM,1,32,0
148,Male,2000,0,3,0,STEM,1,33,0
148,Male,2001,0,4,0,STEM,1,34,0
148,Male,2002,1,5,0,STEM,1,35,0
148,Male,2003,1,1,0,STEM,2,36,0
148,Male,2004,0,1,0,STEM,3,37,0
148,Male,2005,0,2,0,STEM,3,38,0
148,Male,2006,0,3,0,STEM,3,39,0
148,Male,2007,0,4,0,STEM,3,40,0
148,Male,2008,0,5,0,STEM,3,41,0
148,Male,2009,0,6,0,STEM,3,42,0
148,Male,2010,0,7,0,STEM,3,43,0
148,Male,2011,0,8,1,STEM,3,44,0
149,Male,2013,0,1,0,nonSTEM,1,33,0
149,Male,2014,0,2,0,nonSTEM,1,34,0
149,Male,2015,0,3,0,nonSTEM,1,35,0
149,Male,2016,0,4,0,nonSTEM,1,36,0
149,Male,2017,0,5,0,nonSTEM,1,37,0
149,Male,2018,0,6,0,nonSTEM,1,38,0
149,Male,2019,0,7,0,nonSTEM,1,39,0
149,Male,2020,1,8,0,nonSTEM,1,40,0
149,Male,2021,0,1,0,nonSTEM,2,41,0
149,Male,2022,0,2,0,nonSTEM,2,42,0
149,Male,2023,0,3,0,nonSTEM,2,43,0
149,Male,2024,0,4,0,nonSTEM,2,44,0
149,Male,2025,0,5,1,nonSTEM,2,45,0
150,Female,2006,0,1,0,nonSTEM,1,32,0
150,Female,2007,0,2,0,nonSTEM,1,33,0
150,Female,2008,0,3,0,nonSTEM,1,34,0
150,Female,2009,0,4,0,nonSTEM,1,35,0
150,Female,2010,1,5,0,nonSTEM,1,36,0
150,Female,2011,0,1,0,nonSTEM,2,37,0
150,Female,2012,0,2,0,nonSTEM,2,38,0
150,Female,2013,0,3,0,nonSTEM,2,39,0
150,Female,2014,0,4,0,nonSTEM,2,40,0
150,Female,2015,0,5,0,nonSTEM,2,41,0
150,Female,2016,0,6,0,nonSTEM,2,42,0
150,Female,2017,0,7,0,nonSTEM,2,43,0
150,Female,2018,0,8,0,nonSTEM,2,44,0
150,Female,2019,0,9,0,nonSTEM,2,45,0
150,Female,2020,1,10,0,nonSTEM,2,46,0
150,Female,2021,0,1,0,nonSTEM,3,47,0
150,Female,2022,0,2,0,nonSTEM,3,48,0
150,Female,2023,0,3,0,nonSTEM,3,49,0
150,Female,2024,0,4,0,nonSTEM,3,50,0
150,Female,2025,0,5,1,nonSTEM,3,51,0
151,Male,1994,0,1,0,STEM,1,31,0
151,Male,1995,0,2,0,STEM,1,32,0
151,Male,1996,0,3,0,STEM,1,33,0
151,Male,1997,0,4,0,STEM,1,34,0
151,Male,1998,1,5,0,STEM,1,35,0
151,Male,1999,0,1,0,STEM,2,36,0
151,Male,2000,0,2,0,STEM,2,37,0
151,Male,2001,0,3,1,STEM,2,38,0
152,Male,2016,0,1,0,nonSTEM,1,31,0
152,Male,2017,0,2,0,nonSTEM,1,32,0
152,Male,2018,0,3,0,nonSTEM,1,33,0
152,Male,2019,1,4,0,nonSTEM,1,34,0
152,Male,2020,0,1,0,nonSTEM,2,35,0
152,Male,2021,0,2,0,nonSTEM,2,36,0
152,Male,2022,0,3,0,nonSTEM,2,37,0
152,Male,2023,0,4,0,nonSTEM,2,38,0
152,Male,2024,0,5,0,nonSTEM,2,39,0
152,Male,2025,0,6,1,nonSTEM,2,40,0
153,Male,2012,0,1,0,STEM,1,33,0
153,Male,2013,0,2,0,STEM,1,34,0
153,Male,2014,0,3,0,STEM,1,35,0
153,Male,2015,1,4,0,STEM,1,36,0
153,Male,2016,0,1,0,STEM,2,37,0
153,Male,2017,0,2,0,STEM,2,38,0
153,Male,2018,0,3,0,STEM,2,39,0
153,Male,2019,0,4,1,STEM,2,40,0
154,Female,1997,0,1,0,nonSTEM,1,32,0
154,Female,1998,0,2,0,nonSTEM,1,33,0
154,Female,1999,0,3,0,nonSTEM,1,34,0
154,Female,2000,0,4,0,nonSTEM,1,35,0
154,Female,2001,0,5,1,nonSTEM,1,36,0
155,Male,1995,0,1,0,STEM,1,31,0
155,Male,1996,0,2,0,STEM,1,32,0
155,Male,1997,0,3,0,STEM,1,33,0
155,Male,1998,0,4,0,STEM,1,34,0
155,Male,1999,0,5,0,STEM,1,35,0
155,Male,2000,0,6,0,STEM,1,36,0
155,Male,2001,1,7,0,STEM,1,37,0
155,Male,2002,0,1,0,STEM,2,38,0
155,Male,2003,0,2,0,STEM,2,39,0
155,Male,2004,0,3,0,STEM,2,40,0
155,Male,2005,0,4,0,STEM,2,41,0
155,Male,2006,0,5,0,STEM,2,42,0
155,Male,2007,0,6,1,STEM,2,43,0
156,Male,2006,0,1,0,nonSTEM,1,28,0
156,Male,2007,0,2,0,nonSTEM,1,29,0
156,Male,2008,0,3,0,nonSTEM,1,30,0
156,Male,2009,0,4,0,nonSTEM,1,31,0
156,Male,2010,0,5,0,nonSTEM,1,32,0
156,Male,2011,0,6,0,nonSTEM,1,33,0
156,Male,2012,1,7,0,nonSTEM,1,34,0
156,Male,2013,0,1,0,nonSTEM,2,35,0
156,Male,2014,0,2,0,nonSTEM,2,36,0
156,Male,2015,0,3,0,nonSTEM,2,37,0
156,Male,2016,0,4,0,nonSTEM,2,38,0
156,Male,2017,0,5,0,nonSTEM,2,39,0
156,Male,2018,0,6,0,nonSTEM,2,40,0
156,Male,2019,0,7,0,nonSTEM,2,41,0
156,Male,2020,0,8,0,nonSTEM,2,42,0
156,Male,2021,0,9,0,nonSTEM,2,43,0
156,Male,2022,1,10,0,nonSTEM,2,44,0
156,Male,2023,0,1,0,nonSTEM,3,45,0
156,Male,2024,0,2,0,nonSTEM,3,46,0
156,Male,2025,0,3,1,nonSTEM,3,47,0
157,Female,2000,0,1,0,STEM,1,33,0
157,Female,2001,0,2,0,STEM,1,34,0
157,Female,2002,0,3,0,STEM,1,35,0
157,Female,2003,0,4,0,STEM,1,36,0
157,Female,2004,1,5,0,STEM,1,37,0
157,Female,2005,0,1,0,STEM,2,38,0
157,Female,2006,0,2,0,STEM,2,39,0
157,Female,2007,0,3,0,STEM,2,40,0
157,Female,2008,0,4,0,STEM,2,41,0
157,Female,2009,0,5,0,STEM,2,42,0
157,Female,2010,0,6,0,STEM,2,43,0
157,Female,2011,0,7,0,STEM,2,44,0
157,Female,2012,0,8,0,STEM,2,45,0
157,Female,2013,0,9,0,STEM,2,46,0
157,Female,2014,0,10,0,STEM,2,47,0
157,Female,2015,0,11,0,STEM,2,48,0
157,Female,2016,1,12,0,STEM,2,49,0
157,Female,2017,0,1,1,STEM,3,50,0
158,Male,1991,0,1,0,STEM,1,31,0
158,Male,1992,0,2,0,STEM,1,32,0
158,Male,1993,0,3,0,STEM,1,33,0
158,Male,1994,1,4,0,STEM,1,34,0
158,Male,1995,0,1,0,STEM,2,35,0
158,Male,1996,0,2,0,STEM,2,36,0
158,Male,1997,0,3,0,STEM,2,37,0
158,Male,1998,0,4,1,STEM,2,38,0
159,Female,2014,0,1,0,STEM,1,31,0
159,Female,2015,0,2,0,STEM,1,32,0
159,Female,2016,1,3,0,STEM,1,33,0
159,Female,2017,0,1,0,STEM,2,34,0
159,Female,2018,0,2,0,STEM,2,35,0
159,Female,2019,0,3,0,STEM,2,36,0
159,Female,2020,0,4,0,STEM,2,37,0
159,Female,2021,0,5,0,STEM,2,38,0
159,Female,2022,0,6,1,STEM,2,39,0
160,Female,2001,0,1,0,nonSTEM,1,32,0
160,Female,2002,0,2,0,nonSTEM,1,33,0
160,Female,2003,0,3,0,nonSTEM,1,34,0
160,Female,2004,0,4,0,nonSTEM,1,35,0
160,Female,2005,0,5,0,nonSTEM,1,36,0
160,Female,2006,1,6,0,nonSTEM,1,37,0
160,Female,2007,0,1,0,nonSTEM,2,38,0
160,Female,2008,0,2,0,nonSTEM,2,39,0
160,Female,2009,0,3,0,nonSTEM,2,40,0
160,Female,2010,0,4,0,nonSTEM,2,41,0
160,Female,2011,0,5,0,nonSTEM,2,42,0
160,Female,2012,0,6,0,nonSTEM,2,43,0
160,Female,2013,0,7,0,nonSTEM,2,44,0
160,Female,2014,0,8,0,nonSTEM,2,45,0
160,Female,2015,1,9,0,nonSTEM,2,46,0
160,Female,2016,0,1,0,nonSTEM,3,47,0
160,Female,2017,0,2,0,nonSTEM,3,48,0
160,Female,2018,0,3,0,nonSTEM,3,49,0
160,Female,2019,0,4,0,nonSTEM,3,50,0
160,Female,2020,0,5,0,nonSTEM,3,51,0
160,Female,2021,0,6,0,nonSTEM,3,52,0
160,Female,2022,0,7,0,nonSTEM,3,53,0
160,Female,2023,0,8,1,nonSTEM,3,54,0
161,Female,2009,0,1,0,nonSTEM,1,29,0
161,Female,2010,0,2,0,nonSTEM,1,30,0
161,Female,2011,0,3,0,nonSTEM,1,31,0
161,Female,2012,0,4,0,nonSTEM,1,32,0
161,Female,2013,0,5,0,nonSTEM,1,33,0
161,Female,2014,0,6,0,nonSTEM,1,34,0
161,Female,2015,0,7,0,nonSTEM,1,35,0
161,Female,2016,1,8,0,nonSTEM,1,36,0
161,Female,2017,0,1,0,nonSTEM,2,37,0
161,Female,2018,0,2,0,nonSTEM,2,38,0
161,Female,2019,0,3,0,nonSTEM,2,39,0
161,Female,2020,0,4,0,nonSTEM,2,40,0
161,Female,2021,0,5,0,nonSTEM,2,41,0
161,Female,2022,0,6,0,nonSTEM,2,42,0
161,Female,2023,0,7,0,nonSTEM,2,43,0
161,Female,2024,1,8,0,nonSTEM,2,44,0
161,Female,2025,0,1,1,nonSTEM,3,45,0
162,Male,2007,0,1,0,STEM,1,29,0
162,Male,2008,0,2,0,STEM,1,30,0
162,Male,2009,1,3,0,STEM,1,31,0
162,Male,2010,0,1,0,STEM,2,32,0
162,Male,2011,0,2,0,STEM,2,33,0
162,Male,2012,0,3,0,STEM,2,34,0
162,Male,2013,0,4,0,STEM,2,35,0
162,Male,2014,1,5,0,STEM,2,36,0
162,Male,2015,0,1,0,STEM,3,37,0
162,Male,2016,0,2,1,STEM,3,38,0
163,Male,1991,0,1,0,STEM,1,37,0
163,Male,1992,0,2,0,STEM,1,38,0
163,Male,1993,0,3,0,STEM,1,39,0
163,Male,1994,0,4,0,STEM,1,40,0
163,Male,1995,1,5,0,STEM,1,41,0
163,Male,1996,1,1,0,STEM,2,42,0
163,Male,1997,0,1,0,STEM,3,43,0
163,Male,1998,0,2,0,STEM,3,44,0
163,Male,1999,0,3,0,STEM,3,45,0
163,Male,2000,0,4,0,STEM,3,46,0
163,Male,2001,0,5,0,STEM,3,47,0
163,Male,2002,0,6,0,STEM,3,48,0
163,Male,2003,0,7,0,STEM,3,49,0
163,Male,2004,0,8,0,STEM,3,50,0
163,Male,2005,0,9,0,STEM,3,51,0
163,Male,2006,0,10,0,STEM,3,52,0
163,Male,2007,0,11,0,STEM,3,53,0
163,Male,2008,1,12,0,STEM,3,54,0
163,Male,2009,0,1,0,STEM,4,55,0
163,Male,2010,0,2,0,STEM,4,56,0
163,Male,2011,0,3,0,STEM,4,57,0
163,Male,2012,0,4,0,STEM,4,58,0
163,Male,2013,0,5,0,STEM,4,59,0
163,Male,2014,0,6,1,STEM,4,60,0
164,Female,1991,0,1,0,nonSTEM,1,31,0
164,Female,1992,0,2,0,nonSTEM,1,32,0
164,Female,1993,0,3,0,nonSTEM,1,33,0
164,Female,1994,0,4,0,nonSTEM,1,34,0
164,Female,1995,0,5,0,nonSTEM,1,35,0
164,Female,1996,0,6,0,nonSTEM,1,36,0
164,Female,1997,0,7,0,nonSTEM,1,37,0
164,Female,1998,0,8,0,nonSTEM,1,38,0
164,Female,1999,1,9,0,nonSTEM,1,39,0
164,Female,2000,0,1,0,nonSTEM,2,40,0
164,Female,2001,0,2,0,nonSTEM,2,41,0
164,Female,2002,1,3,0,nonSTEM,2,42,0
164,Female,2003,0,1,0,nonSTEM,3,43,0
164,Female,2004,0,2,0,nonSTEM,3,44,0
164,Female,2005,0,3,0,nonSTEM,3,45,0
164,Female,2006,0,4,0,nonSTEM,3,46,0
164,Female,2007,0,5,0,nonSTEM,3,47,0
164,Female,2008,0,6,0,nonSTEM,3,48,0
164,Female,2009,0,7,0,nonSTEM,3,49,0
164,Female,2010,0,8,0,nonSTEM,3,50,0
164,Female,2011,0,9,0,nonSTEM,3,51,0
164,Female,2012,0,10,0,nonSTEM,3,52,0
164,Female,2013,0,11,0,nonSTEM,3,53,0
164,Female,2014,1,12,1,nonSTEM,3,54,0
165,Male,1995,0,1,0,STEM,1,27,0
165,Male,1996,0,2,0,STEM,1,28,0
165,Male,1997,0,3,0,STEM,1,29,0
165,Male,1998,0,4,0,STEM,1,30,0
165,Male,1999,0,5,0,STEM,1,31,0
165,Male,2000,0,6,0,STEM,1,32,0
165,Male,2001,0,7,0,STEM,1,33,0
165,Male,2002,0,8,0,STEM,1,34,0
165,Male,2003,0,9,0,STEM,1,35,0
165,Male,2004,1,10,0,STEM,1,36,0
165,Male,2005,1,1,0,STEM,2,37,0
165,Male,2006,0,1,0,STEM,3,38,0
165,Male,2007,0,2,0,STEM,3,39,0
165,Male,2008,0,3,0,STEM,3,40,0
165,Male,2009,0,4,0,STEM,3,41,0
165,Male,2010,0,5,0,STEM,3,42,0
165,Male,2011,0,6,0,STEM,3,43,0
165,Male,2012,0,7,0,STEM,3,44,0
165,Male,2013,0,8,1,STEM,3,45,0
166,Female,2007,0,1,0,STEM,1,32,0
166,Female,2008,0,2,0,STEM,1,33,0
166,Female,2009,0,3,0,STEM,1,34,0
166,Female,2010,0,4,0,STEM,1,35,0
166,Female,2011,0,5,0,STEM,1,36,0
166,Female,2012,1,6,0,STEM,1,37,0
166,Female,2013,0,1,0,STEM,2,38,0
166,Female,2014,0,2,0,STEM,2,39,0
166,Female,2015,0,3,0,STEM,2,40,0
166,Female,2016,0,4,0,STEM,2,41,0
166,Female,2017,0,5,0,STEM,2,42,0
166,Female,2018,0,6,0,STEM,2,43,0
166,Female,2019,1,7,0,STEM,2,44,0
166,Female,2020,0,1,0,STEM,3,45,0
166,Female,2021,0,2,0,STEM,3,46,0
166,Female,2022,0,3,0,STEM,3,47,0
166,Female,2023,0,4,0,STEM,3,48,0
166,Female,2024,0,5,0,STEM,3,49,0
166,Female,2025,0,6,1,STEM,3,50,0
167,Male,2015,0,1,0,STEM,1,32,0
167,Male,2016,0,2,0,STEM,1,33,0
167,Male,2017,0,3,0,STEM,1,34,0
167,Male,2018,0,4,0,STEM,1,35,0
167,Male,2019,0,5,0,STEM,1,36,0
167,Male,2020,0,6,0,STEM,1,37,0
167,Male,2021,1,7,0,STEM,1,38,0
167,Male,2022,0,1,0,STEM,2,39,0
167,Male,2023,0,2,0,STEM,2,40,0
167,Male,2024,0,3,0,STEM,2,41,0
167,Male,2025,0,4,1,STEM,2,42,0
168,Male,2005,0,1,0,nonSTEM,1,26,0
168,Male,2006,0,2,0,nonSTEM,1,27,0
168,Male,2007,0,3,0,nonSTEM,1,28,0
168,Male,2008,0,4,0,nonSTEM,1,29,0
168,Male,2009,1,5,0,nonSTEM,1,30,0
168,Male,2010,0,1,0,nonSTEM,2,31,0
168,Male,2011,0,2,0,nonSTEM,2,32,0
168,Male,2012,0,3,0,nonSTEM,2,33,0
168,Male,2013,0,4,0,nonSTEM,2,34,0
168,Male,2014,0,5,0,nonSTEM,2,35,0
168,Male,2015,0,6,0,nonSTEM,2,36,0
168,Male,2016,1,7,0,nonSTEM,2,37,0
168,Male,2017,0,1,1,nonSTEM,3,38,0
169,Female,2005,0,1,0,nonSTEM,1,36,0
169,Female,2006,0,2,0,nonSTEM,1,37,0
169,Female,2007,0,3,0,nonSTEM,1,38,0
169,Female,2008,0,4,0,nonSTEM,1,39,0
169,Female,2009,0,5,0,nonSTEM,1,40,0
169,Female,2010,1,6,0,nonSTEM,1,41,0
169,Female,2011,0,1,0,nonSTEM,2,42,0
169,Female,2012,0,2,0,nonSTEM,2,43,0
169,Female,2013,0,3,0,nonSTEM,2,44,0
169,Female,2014,0,4,0,nonSTEM,2,45,0
169,Female,2015,0,5,0,nonSTEM,2,46,0
169,Female,2016,0,6,0,nonSTEM,2,47,0
169,Female,2017,1,7,1,nonSTEM,2,48,0
170,Male,2009,0,1,0,STEM,1,27,0
170,Male,2010,0,2,0,STEM,1,28,0
170,Male,2011,0,3,0,STEM,1,29,0
170,Male,2012,0,4,0,STEM,1,30,0
170,Male,2013,0,5,0,STEM,1,31,0
170,Male,2014,0,6,0,STEM,1,32,0
170,Male,2015,1,7,0,STEM,1,33,0
170,Male,2016,0,1,0,STEM,2,34,0
170,Male,2017,0,2,0,STEM,2,35,0
170,Male,2018,0,3,0,STEM,2,36,0
170,Male,2019,0,4,0,STEM,2,37,0
170,Male,2020,0,5,0,STEM,2,38,0
170,Male,2021,1,6,0,STEM,2,39,0
170,Male,2022,0,1,0,STEM,3,40,0
170,Male,2023,1,2,0,STEM,3,41,0
170,Male,2024,0,1,0,STEM,4,42,0
170,Male,2025,0,2,1,STEM,4,43,0
171,Female,2011,0,1,0,STEM,1,35,0
171,Female,2012,0,2,0,STEM,1,36,0
171,Female,2013,0,3,0,STEM,1,37,0
171,Female,2014,0,4,0,STEM,1,38,0
171,Female,2015,1,5,0,STEM,1,39,0
171,Female,2016,0,1,0,STEM,2,40,0
171,Female,2017,0,2,0,STEM,2,41,0
171,Female,2018,1,3,0,STEM,2,42,0
171,Female,2019,0,1,0,STEM,3,43,0
171,Female,2020,0,2,0,STEM,3,44,0
171,Female,2021,0,3,0,STEM,3,45,0
171,Female,2022,0,4,0,STEM,3,46,0
171,Female,2023,0,5,0,STEM,3,47,0
171,Female,2024,0,6,0,STEM,3,48,0
171,Female,2025,0,7,1,STEM,3,49,0
172,Male,2015,1,1,0,STEM,1,33,0
172,Male,2016,0,1,0,STEM,2,34,0
172,Male,2017,0,2,0,STEM,2,35,0
172,Male,2018,0,3,0,STEM,2,36,0
172,Male,2019,0,4,0,STEM,2,37,0
172,Male,2020,0,5,0,STEM,2,38,0
172,Male,2021,0,6,0,STEM,2,39,0
172,Male,2022,0,7,0,STEM,2,40,0
172,Male,2023,1,8,0,STEM,2,41,0
172,Male,2024,0,1,0,STEM,3,42,0
172,Male,2025,0,2,1,STEM,3,43,0
173,Male,2012,0,1,0,STEM,1,30,0
173,Male,2013,0,2,0,STEM,1,31,0
173,Male,2014,1,3,0,STEM,1,32,0
173,Male,2015,0,1,0,STEM,2,33,0
173,Male,2016,0,2,0,STEM,2,34,0
173,Male,2017,0,3,0,STEM,2,35,0
173,Male,2018,0,4,0,STEM,2,36,0
173,Male,2019,0,5,0,STEM,2,37,0
173,Male,2020,0,6,0,STEM,2,38,0
173,Male,2021,0,7,0,STEM,2,39,0
173,Male,2022,0,8,0,STEM,2,40,0
173,Male,2023,0,9,0,STEM,2,41,0
173,Male,2024,1,10,0,STEM,2,42,0
173,Male,2025,0,1,1,STEM,3,43,0
174,Female,2011,0,1,0,nonSTEM,1,36,0
174,Female,2012,0,2,0,nonSTEM,1,37,0
174,Female,2013,0,3,0,nonSTEM,1,38,0
174,Female,2014,0,4,0,nonSTEM,1,39,0
174,Female,2015,0,5,0,nonSTEM,1,40,0
174,Female,2016,1,6,0,nonSTEM,1,41,0
174,Female,2017,0,1,0,nonSTEM,2,42,0
174,Female,2018,0,2,0,nonSTEM,2,43,0
174,Female,2019,0,3,0,nonSTEM,2,44,0
174,Female,2020,0,4,0,nonSTEM,2,45,0
174,Female,2021,1,5,0,nonSTEM,2,46,0
174,Female,2022,0,1,0,nonSTEM,3,47,0
174,Female,2023,0,2,0,nonSTEM,3,48,0
174,Female,2024,0,3,0,nonSTEM,3,49,0
174,Female,2025,0,4,1,nonSTEM,3,50,0
175,Female,2003,0,1,0,nonSTEM,1,34,0
175,Female,2004,0,2,0,nonSTEM,1,35,0
175,Female,2005,0,3,0,nonSTEM,1,36,0
175,Female,2006,0,4,0,nonSTEM,1,37,0
175,Female,2007,0,5,0,nonSTEM,1,38,0
175,Female,2008,0,6,0,nonSTEM,1,39,0
175,Female,2009,0,7,0,nonSTEM,1,40,0
175,Female,2010,1,8,0,nonSTEM,1,41,0
175,Female,2011,0,1,0,nonSTEM,2,42,0
175,Female,2012,0,2,1,nonSTEM,2,43,0
176,Male,1995,0,1,0,STEM,1,30,0
176,Male,1996,0,2,0,STEM,1,31,0
176,Male,1997,0,3,0,STEM,1,32,0
176,Male,1998,0,4,0,STEM,1,33,0
176,Male,1999,0,5,0,STEM,1,34,0
176,Male,2000,0,6,0,STEM,1,35,0
176,Male,2001,1,7,0,STEM,1,36,0
176,Male,2002,0,1,0,STEM,2,37,0
176,Male,2003,0,2,0,STEM,2,38,0
176,Male,2004,0,3,0,STEM,2,39,0
176,Male,2005,0,4,0,STEM,2,40,0
176,Male,2006,0,5,0,STEM,2,41,0
176,Male,2007,0,6,0,STEM,2,42,0
176,Male,2008,1,7,0,STEM,2,43,0
176,Male,2009,0,1,0,STEM,3,44,0
176,Male,2010,0,2,0,STEM,3,45,0
176,Male,2011,0,3,0,STEM,3,46,0
176,Male,2012,0,4,0,STEM,3,47,0
176,Male,2013,0,5,1,STEM,3,48,0
177,Female,1997,0,1,0,nonSTEM,1,28,0
177,Female,1998,0,2,0,nonSTEM,1,29,0
177,Female,1999,0,3,0,nonSTEM,1,30,0
177,Female,2000,0,4,0,nonSTEM,1,31,0
177,Female,2001,0,5,0,nonSTEM,1,32,0
177,Female,2002,0,6,0,nonSTEM,1,33,0
177,Female,2003,0,7,0,nonSTEM,1,34,0
177,Female,2004,0,8,0,nonSTEM,1,35,0
177,Female,2005,0,9,0,nonSTEM,1,36,0
177,Female,2006,1,10,0,nonSTEM,1,37,0
177,Female,2007,0,1,0,nonSTEM,2,38,0
177,Female,2008,0,2,0,nonSTEM,2,39,0
177,Female,2009,0,3,0,nonSTEM,2,40,0
177,Female,2010,0,4,0,nonSTEM,2,41,0
177,Female,2011,1,5,0,nonSTEM,2,42,0
177,Female,2012,0,1,0,nonSTEM,3,43,0
177,Female,2013,0,2,0,nonSTEM,3,44,0
177,Female,2014,0,3,0,nonSTEM,3,45,0
177,Female,2015,0,4,1,nonSTEM,3,46,0
178,Male,2007,0,1,0,nonSTEM,1,30,0
178,Male,2008,0,2,0,nonSTEM,1,31,0
178,Male,2009,0,3,0,nonSTEM,1,32,0
178,Male,2010,0,4,0,nonSTEM,1,33,0
178,Male,2011,0,5,0,nonSTEM,1,34,0
178,Male,2012,1,6,0,nonSTEM,1,35,0
178,Male,2013,0,1,0,nonSTEM,2,36,0
178,Male,2014,0,2,0,nonSTEM,2,37,0
178,Male,2015,0,3,0,nonSTEM,2,38,0
178,Male,2016,0,4,0,nonSTEM,2,39,0
178,Male,2017,0,5,0,nonSTEM,2,40,0
178,Male,2018,1,6,0,nonSTEM,2,41,0
178,Male,2019,0,1,0,nonSTEM,3,42,0
178,Male,2020,0,2,0,nonSTEM,3,43,0
178,Male,2021,0,3,0,nonSTEM,3,44,0
178,Male,2022,1,4,0,nonSTEM,3,45,0
178,Male,2023,0,1,0,nonSTEM,4,46,0
178,Male,2024,0,2,0,nonSTEM,4,47,0
178,Male,2025,0,3,1,nonSTEM,4,48,0
179,Male,1991,0,1,0,nonSTEM,1,29,0
179,Male,1992,0,2,0,nonSTEM,1,30,0
179,Male,1993,0,3,0,nonSTEM,1,31,0
179,Male,1994,0,4,0,nonSTEM,1,32,0
179,Male,1995,0,5,0,nonSTEM,1,33,0
179,Male,1996,0,6,0,nonSTEM,1,34,0
179,Male,1997,0,7,0,nonSTEM,1,35,0
179,Male,1998,1,8,0,nonSTEM,1,36,0
179,Male,1999,0,1,0,nonSTEM,2,37,0
179,Male,2000,0,2,0,nonSTEM,2,38,0
179,Male,2001,0,3,0,nonSTEM,2,39,0
179,Male,2002,0,4,0,nonSTEM,2,40,0
179,Male,2003,0,5,0,nonSTEM,2,41,0
179,Male,2004,0,6,1,nonSTEM,2,42,0
180,Female,2006,0,1,0,nonSTEM,1,35,0
180,Female,2007,0,2,0,nonSTEM,1,36,0
180,Female,2008,0,3,0,nonSTEM,1,37,0
180,Female,2009,1,4,0,nonSTEM,1,38,0
180,Female,2010,0,1,0,nonSTEM,2,39,0
180,Female,2011,0,2,0,nonSTEM,2,40,0
180,Female,2012,0,3,0,nonSTEM,2,41,0
180,Female,2013,0,4,0,nonSTEM,2,42,0
180,Female,2014,0,5,0,nonSTEM,2,43,0
180,Female,2015,0,6,0,nonSTEM,2,44,0
180,Female,2016,0,7,0,nonSTEM,2,45,0
180,Female,2017,0,8,0,nonSTEM,2,46,0
180,Female,2018,0,9,0,nonSTEM,2,47,0
180,Female,2019,0,10,0,nonSTEM,2,48,0
180,Female,2020,1,11,0,nonSTEM,2,49,0
180,Female,2021,0,1,0,nonSTEM,3,50,0
180,Female,2022,0,2,0,nonSTEM,3,51,0
180,Female,2023,0,3,0,nonSTEM,3,52,0
180,Female,2024,0,4,0,nonSTEM,3,53,0
180,Female,2025,0,5,1,nonSTEM,3,54,0
181,Female,2006,0,1,0,STEM,1,38,0
181,Female,2007,0,2,0,STEM,1,39,0
181,Female,2008,0,3,0,STEM,1,40,0
181,Female,2009,0,4,0,STEM,1,41,0
181,Female,2010,1,5,0,STEM,1,42,0
181,Female,2011,0,1,1,STEM,2,43,0
182,Female,2009,0,1,0,nonSTEM,1,38,0
182,Female,2010,0,2,0,nonSTEM,1,39,0
182,Female,2011,0,3,0,nonSTEM,1,40,0
182,Female,2012,0,4,0,nonSTEM,1,41,0
182,Female,2013,0,5,0,nonSTEM,1,42,0
182,Female,2014,0,6,0,nonSTEM,1,43,0
182,Female,2015,0,7,0,nonSTEM,1,44,0
182,Female,2016,1,8,0,nonSTEM,1,45,0
182,Female,2017,1,1,0,nonSTEM,2,46,0
182,Female,2018,0,1,0,nonSTEM,3,47,0
182,Female,2019,0,2,0,nonSTEM,3,48,0
182,Female,2020,0,3,0,nonSTEM,3,49,0
182,Female,2021,0,4,0,nonSTEM,3,50,0
182,Female,2022,0,5,0,nonSTEM,3,51,0
182,Female,2023,0,6,0,nonSTEM,3,52,0
182,Female,2024,0,7,0,nonSTEM,3,53,0
182,Female,2025,0,8,1,nonSTEM,3,54,0
183,Female,2002,0,1,0,nonSTEM,1,33,0
183,Female,2003,0,2,0,nonSTEM,1,34,0
183,Female,2004,0,3,0,nonSTEM,1,35,0
183,Female,2005,0,4,0,nonSTEM,1,36,0
183,Female,2006,0,5,0,nonSTEM,1,37,0
183,Female,2007,0,6,0,nonSTEM,1,38,0
183,Female,2008,0,7,0,nonSTEM,1,39,0
183,Female,2009,1,8,1,nonSTEM,1,40,0
184,Male,1996,0,1,0,STEM,1,32,0
184,Male,1997,0,2,0,STEM,1,33,0
184,Male,1998,0,3,0,STEM,1,34,0
184,Male,1999,0,4,0,STEM,1,35,0
184,Male,2000,0,5,0,STEM,1,36,0
184,Male,2001,0,6,0,STEM,1,37,0
184,Male,2002,1,7,0,STEM,1,38,0
184,Male,2003,0,1,1,STEM,2,39,0
185,Female,2005,0,1,0,nonSTEM,1,36,0
185,Female,2006,0,2,0,nonSTEM,1,37,0
185,Female,2007,0,3,0,nonSTEM,1,38,0
185,Female,2008,0,4,0,nonSTEM,1,39,0
185,Female,2009,0,5,0,nonSTEM,1,40,0
185,Female,2010,0,6,0,nonSTEM,1,41,0
185,Female,2011,0,7,0,nonSTEM,1,42,0
185,Female,2012,1,8,0,nonSTEM,1,43,0
185,Female,2013,0,1,0,nonSTEM,2,44,0
185,Female,2014,0,2,0,nonSTEM,2,45,0
185,Female,2015,0,3,0,nonSTEM,2,46,0
185,Female,2016,0,4,0,nonSTEM,2,47,0
185,Female,2017,0,5,0,nonSTEM,2,48,0
185,Female,2018,0,6,0,nonSTEM,2,49,0
185,Female,2019,0,7,0,nonSTEM,2,50,0
185,Female,2020,0,8,0,nonSTEM,2,51,0
185,Female,2021,0,9,0,nonSTEM,2,52,0
185,Female,2022,0,10,0,nonSTEM,2,53,0
185,Female,2023,0,11,1,nonSTEM,2,54,0
186,Male,2012,0,1,0,nonSTEM,1,27,0
186,Male,2013,0,2,0,nonSTEM,1,28,0
186,Male,2014,0,3,0,nonSTEM,1,29,0
186,Male,2015,0,4,0,nonSTEM,1,30,0
186,Male,2016,0,5,0,nonSTEM,1,31,0
186,Male,2017,0,6,0,nonSTEM,1,32,0
186,Male,2018,0,7,0,nonSTEM,1,33,0
186,Male,2019,1,8,0,nonSTEM,1,34,0
186,Male,2020,0,1,0,nonSTEM,2,35,0
186,Male,2021,0,2,0,nonSTEM,2,36,0
186,Male,2022,0,3,0,nonSTEM,2,37,0
186,Male,2023,0,4,0,nonSTEM,2,38,0
186,Male,2024,1,5,0,nonSTEM,2,39,0
186,Male,2025,0,1,1,nonSTEM,3,40,0
187,Male,1999,0,1,0,STEM,1,35,0
187,Male,2000,0,2,0,STEM,1,36,0
187,Male,2001,0,3,0,STEM,1,37,0
187,Male,2002,0,4,0,STEM,1,38,0
187,Male,2003,0,5,0,STEM,1,39,0
187,Male,2004,1,6,0,STEM,1,40,0
187,Male,2005,0,1,0,STEM,2,41,0
187,Male,2006,0,2,1,STEM,2,42,0
188,Female,2007,0,1,0,STEM,1,35,0
188,Female,2008,0,2,0,STEM,1,36,0
188,Female,2009,0,3,0,STEM,1,37,0
188,Female,2010,0,4,0,STEM,1,38,0
188,Female,2011,0,5,0,STEM,1,39,0
188,Female,2012,1,6,0,STEM,1,40,0
188,Female,2013,0,1,0,STEM,2,41,0
188,Female,2014,0,2,0,STEM,2,42,0
188,Female,2015,0,3,0,STEM,2,43,0
188,Female,2016,0,4,0,STEM,2,44,0
188,Female,2017,0,5,0,STEM,2,45,0
188,Female,2018,1,6,1,STEM,2,46,0
189,Female,2003,0,1,0,STEM,1,35,0
189,Female,2004,0,2,0,STEM,1,36,0
189,Female,2005,0,3,0,STEM,1,37,0
189,Female,2006,1,4,0,STEM,1,38,0
189,Female,2007,0,1,0,STEM,2,39,0
189,Female,2008,0,2,0,STEM,2,40,0
189,Female,2009,0,3,0,STEM,2,41,0
189,Female,2010,0,4,0,STEM,2,42,0
189,Female,2011,0,5,0,STEM,2,43,0
189,Female,2012,0,6,0,STEM,2,44,0
189,Female,2013,1,7,0,STEM,2,45,0
189,Female,2014,0,1,0,STEM,3,46,0
189,Female,2015,0,2,0,STEM,3,47,0
189,Female,2016,0,3,0,STEM,3,48,0
189,Female,2017,0,4,0,STEM,3,49,0
189,Female,2018,0,5,1,STEM,3,50,0
190,Male,2004,0,1,0,nonSTEM,1,29,0
190,Male,2005,0,2,0,nonSTEM,1,30,0
190,Male,2006,0,3,0,nonSTEM,1,31,0
190,Male,2007,0,4,0,nonSTEM,1,32,0
190,Male,2008,0,5,1,nonSTEM,1,33,0
191,Male,1992,0,1,0,STEM,1,30,0
191,Male,1993,0,2,0,STEM,1,31,0
191,Male,1994,0,3,0,STEM,1,32,0
191,Male,1995,0,4,0,STEM,1,33,0
191,Male,1996,0,5,0,STEM,1,34,0
191,Male,1997,1,6,0,STEM,1,35,0
191,Male,1998,0,1,0,STEM,2,36,0
191,Male,1999,0,2,0,STEM,2,37,0
191,Male,2000,0,3,0,STEM,2,38,0
191,Male,2001,0,4,0,STEM,2,39,0
191,Male,2002,0,5,0,STEM,2,40,0
191,Male,2003,0,6,0,STEM,2,41,0
191,Male,2004,0,7,0,STEM,2,42,0
191,Male,2005,1,8,0,STEM,2,43,0
191,Male,2006,0,1,0,STEM,3,44,0
191,Male,2007,0,2,0,STEM,3,45,0
191,Male,2008,0,3,0,STEM,3,46,0
191,Male,2009,0,4,0,STEM,3,47,0
191,Male,2010,0,5,0,STEM,3,48,0
191,Male,2011,0,6,0,STEM,3,49,0
191,Male,2012,0,7,0,STEM,3,50,0
191,Male,2013,1,8,0,STEM,3,51,0
191,Male,2014,0,1,0,STEM,4,52,0
191,Male,2015,0,2,0,STEM,4,53,0
191,Male,2016,0,3,0,STEM,4,54,0
191,Male,2017,0,4,0,STEM,4,55,0
191,Male,2018,0,5,0,STEM,4,56,0
191,Male,2019,0,6,0,STEM,4,57,0
191,Male,2020,0,7,0,STEM,4,58,0
191,Male,2021,0,8,0,STEM,4,59,0
191,Male,2022,0,9,0,STEM,4,60,0
191,Male,2023,0,10,1,STEM,4,61,0
192,Male,2005,0,1,0,nonSTEM,1,32,0
192,Male,2006,1,2,0,nonSTEM,1,33,0
192,Male,2007,0,1,0,nonSTEM,2,34,0
192,Male,2008,0,2,0,nonSTEM,2,35,0
192,Male,2009,0,3,0,nonSTEM,2,36,0
192,Male,2010,0,4,0,nonSTEM,2,37,0
192,Male,2011,0,5,0,nonSTEM,2,38,0
192,Male,2012,1,6,0,nonSTEM,2,39,0
192,Male,2013,0,1,0,nonSTEM,3,40,0
192,Male,2014,0,2,0,nonSTEM,3,41,0
192,Male,2015,0,3,0,nonSTEM,3,42,0
192,Male,2016,0,4,1,nonSTEM,3,43,0
193,Female,2015,0,1,0,nonSTEM,1,32,0
193,Female,2016,0,2,0,nonSTEM,1,33,0
193,Female,2017,0,3,0,nonSTEM,1,34,0
193,Female,2018,0,4,0,nonSTEM,1,35,0
193,Female,2019,0,5,0,nonSTEM,1,36,0
193,Female,2020,0,6,0,nonSTEM,1,37,0
193,Female,2021,0,7,0,nonSTEM,1,38,0
193,Female,2022,0,8,0,nonSTEM,1,39,0
193,Female,2023,0,9,0,nonSTEM,1,40,0
193,Female,2024,1,10,0,nonSTEM,1,41,0
193,Female,2025,0,1,1,nonSTEM,2,42,0
194,Female,2016,0,1,0,nonSTEM,1,28,0
194,Female,2017,0,2,0,nonSTEM,1,29,0
194,Female,2018,0,3,0,nonSTEM,1,30,0
194,Female,2019,0,4,0,nonSTEM,1,31,0
194,Female,2020,0,5,0,nonSTEM,1,32,0
194,Female,2021,1,6,0,nonSTEM,1,33,0
194,Female,2022,0,1,0,nonSTEM,2,34,0
194,Female,2023,0,2,0,nonSTEM,2,35,0
194,Female,2024,0,3,0,nonSTEM,2,36,0
194,Female,2025,0,4,1,nonSTEM,2,37,0
195,Male,1990,0,1,0,STEM,1,32,0
195,Male,1991,0,2,0,STEM,1,33,0
195,Male,1992,0,3,0,STEM,1,34,0
195,Male,1993,0,4,0,STEM,1,35,0
195,Male,1994,1,5,0,STEM,1,36,0
195,Male,1995,0,1,0,STEM,2,37,0
195,Male,1996,0,2,0,STEM,2,38,0
195,Male,1997,0,3,0,STEM,2,39,0
195,Male,1998,0,4,0,STEM,2,40,0
195,Male,1999,0,5,0,STEM,2,41,0
195,Male,2000,0,6,0,STEM,2,42,0
195,Male,2001,0,7,0,STEM,2,43,0
195,Male,2002,1,8,0,STEM,2,44,0
195,Male,2003,0,1,0,STEM,3,45,0
195,Male,2004,0,2,0,STEM,3,46,0
195,Male,2005,0,3,1,STEM,3,47,0
196,Female,2013,0,1,0,STEM,1,38,0
196,Female,2014,0,2,0,STEM,1,39,0
196,Female,2015,0,3,0,STEM,1,40,0
196,Female,2016,0,4,0,STEM,1,41,0
196,Female,2017,0,5,0,STEM,1,42,0
196,Female,2018,0,6,0,STEM,1,43,0
196,Female,2019,0,7,0,STEM,1,44,0
196,Female,2020,0,8,0,STEM,1,45,0
196,Female,2021,0,9,0,STEM,1,46,0
196,Female,2022,0,10,1,STEM,1,47,0
197,Female,2006,0,1,0,nonSTEM,1,37,0
197,Female,2007,0,2,0,nonSTEM,1,38,0
197,Female,2008,0,3,0,nonSTEM,1,39,0
197,Female,2009,0,4,0,nonSTEM,1,40,0
197,Female,2010,0,5,0,nonSTEM,1,41,0
197,Female,2011,0,6,0,nonSTEM,1,42,0
197,Female,2012,0,7,0,nonSTEM,1,43,0
197,Female,2013,0,8,0,nonSTEM,1,44,0
197,Female,2014,1,9,0,nonSTEM,1,45,0
197,Female,2015,0,1,0,nonSTEM,2,46,0
197,Female,2016,0,2,0,nonSTEM,2,47,0
197,Female,2017,0,3,0,nonSTEM,2,48,0
197,Female,2018,0,4,0,nonSTEM,2,49,0
197,Female,2019,1,5,0,nonSTEM,2,50,0
197,Female,2020,0,1,0,nonSTEM,3,51,0
197,Female,2021,0,2,0,nonSTEM,3,52,0
197,Female,2022,0,3,1,nonSTEM,3,53,0
198,Female,1992,1,1,0,nonSTEM,1,35,0
198,Female,1993,0,1,0,nonSTEM,2,36,0
198,Female,1994,0,2,0,nonSTEM,2,37,0
198,Female,1995,0,3,0,nonSTEM,2,38,0
198,Female,1996,1,4,0,nonSTEM,2,39,0
198,Female,1997,0,1,0,nonSTEM,3,40,0
198,Female,1998,0,2,0,nonSTEM,3,41,0
198,Female,1999,0,3,0,nonSTEM,3,42,0
198,Female,2000,0,4,0,nonSTEM,3,43,0
198,Female,2001,0,5,0,nonSTEM,3,44,0
198,Female,2002,0,6,0,nonSTEM,3,45,0
198,Female,2003,0,7,0,nonSTEM,3,46,0
198,Female,2004,0,8,0,nonSTEM,3,47,0
198,Female,2005,0,9,0,nonSTEM,3,48,0
198,Female,2006,0,10,0,nonSTEM,3,49,0
198,Female,2007,0,11,1,nonSTEM,3,50,0
199,Male,2011,0,1,0,STEM,1,33,0
199,Male,2012,0,2,0,STEM,1,34,0
199,Male,2013,1,3,0,STEM,1,35,0
199,Male,2014,0,1,0,STEM,2,36,0
199,Male,2015,0,2,0,STEM,2,37,0
199,Male,2016,0,3,0,STEM,2,38,0
199,Male,2017,0,4,0,STEM,2,39,0
199,Male,2018,0,5,0,STEM,2,40,0
199,Male,2019,0,6,0,STEM,2,41,0
199,Male,2020,0,7,0,STEM,2,42,0
199,Male,2021,0,8,0,STEM,2,43,0
199,Male,2022,1,9,0,STEM,2,44,0
199,Male,2023,0,1,0,STEM,3,45,0
199,Male,2024,0,2,0,STEM,3,46,0
199,Male,2025,0,3,1,STEM,3,47,0
200,Female,2012,0,1,0,STEM,1,31,0
200,Female,2013,0,2,0,STEM,1,32,0
200,Female,2014,0,3,0,STEM,1,33,0
200,Female,2015,0,4,0,STEM,1,34,0
200,Female,2016,0,5,0,STEM,1,35,0
200,Female,2017,0,6,0,STEM,1,36,0
200,Female,2018,0,7,0,STEM,1,37,0
200,Female,2019,0,8,0,STEM,1,38,0
200,Female,2020,1,9,0,STEM,1,39,0
200,Female,2021,0,1,0,STEM,2,40,0
200,Female,2022,0,2,0,STEM,2,41,0
200,Female,2023,0,3,0,STEM,2,42,0
200,Female,2024,0,4,0,STEM,2,43,0
200,Female,2025,0,5,1,STEM,2,44,0
201,Female,1993,0,1,0,STEM,1,34,0
201,Female,1994,0,2,0,STEM,1,35,0
201,Female,1995,1,3,0,STEM,1,36,0
201,Female,1996,0,1,0,STEM,2,37,0
201,Female,1997,0,2,0,STEM,2,38,0
201,Female,1998,0,3,0,STEM,2,39,0
201,Female,1999,0,4,0,STEM,2,40,0
201,Female,2000,0,5,0,STEM,2,41,0
201,Female,2001,0,6,0,STEM,2,42,0
201,Female,2002,0,7,0,STEM,2,43,0
201,Female,2003,0,8,0,STEM,2,44,0
201,Female,2004,1,9,0,STEM,2,45,0
201,Female,2005,0,1,0,STEM,3,46,0
201,Female,2006,0,2,0,STEM,3,47,0
201,Female,2007,0,3,0,STEM,3,48,0
201,Female,2008,0,4,0,STEM,3,49,0
201,Female,2009,0,5,0,STEM,3,50,0
201,Female,2010,1,6,0,STEM,3,51,0
201,Female,2011,0,1,0,STEM,4,52,0
201,Female,2012,0,2,0,STEM,4,53,0
201,Female,2013,0,3,0,STEM,4,54,0
201,Female,2014,0,4,0,STEM,4,55,0
201,Female,2015,0,5,1,STEM,4,56,0
202,Female,2001,0,1,0,STEM,1,31,0
202,Female,2002,0,2,0,STEM,1,32,0
202,Female,2003,0,3,0,STEM,1,33,0
202,Female,2004,0,4,0,STEM,1,34,0
202,Female,2005,1,5,0,STEM,1,35,0
202,Female,2006,0,1,0,STEM,2,36,0
202,Female,2007,0,2,0,STEM,2,37,0
202,Female,2008,0,3,0,STEM,2,38,0
202,Female,2009,0,4,0,STEM,2,39,0
202,Female,2010,0,5,0,STEM,2,40,0
202,Female,2011,0,6,0,STEM,2,41,0
202,Female,2012,0,7,0,STEM,2,42,0
202,Female,2013,0,8,0,STEM,2,43,0
202,Female,2014,0,9,0,STEM,2,44,0
202,Female,2015,0,10,0,STEM,2,45,0
202,Female,2016,1,11,0,STEM,2,46,0
202,Female,2017,0,1,0,STEM,3,47,0
202,Female,2018,0,2,0,STEM,3,48,0
202,Female,2019,0,3,0,STEM,3,49,0
202,Female,2020,0,4,0,STEM,3,50,0
202,Female,2021,0,5,0,STEM,3,51,0
202,Female,2022,0,6,0,STEM,3,52,0
202,Female,2023,0,7,0,STEM,3,53,0
202,Female,2024,0,8,0,STEM,3,54,0
202,Female,2025,0,9,1,STEM,3,55,0
203,Female,2008,0,1,0,nonSTEM,1,33,0
203,Female,2009,0,2,0,nonSTEM,1,34,0
203,Female,2010,0,3,0,nonSTEM,1,35,0
203,Female,2011,0,4,0,nonSTEM,1,36,0
203,Female,2012,0,5,0,nonSTEM,1,37,0
203,Female,2013,0,6,0,nonSTEM,1,38,0
203,Female,2014,0,7,0,nonSTEM,1,39,0
203,Female,2015,0,8,0,nonSTEM,1,40,0
203,Female,2016,1,9,0,nonSTEM,1,41,0
203,Female,2017,0,1,0,nonSTEM,2,42,0
203,Female,2018,0,2,0,nonSTEM,2,43,0
203,Female,2019,0,3,0,nonSTEM,2,44,0
203,Female,2020,0,4,0,nonSTEM,2,45,0
203,Female,2021,0,5,0,nonSTEM,2,46,0
203,Female,2022,0,6,1,nonSTEM,2,47,0
204,Male,2012,0,1,0,nonSTEM,1,30,0
204,Male,2013,0,2,0,nonSTEM,1,31,0
204,Male,2014,0,3,0,nonSTEM,1,32,0
204,Male,2015,1,4,0,nonSTEM,1,33,0
204,Male,2016,0,1,0,nonSTEM,2,34,0
204,Male,2017,0,2,0,nonSTEM,2,35,0
204,Male,2018,0,3,0,nonSTEM,2,36,0
204,Male,2019,0,4,0,nonSTEM,2,37,0
204,Male,2020,0,5,0,nonSTEM,2,38,0
204,Male,2021,1,6,0,nonSTEM,2,39,0
204,Male,2022,0,1,0,nonSTEM,3,40,0
204,Male,2023,0,2,0,nonSTEM,3,41,0
204,Male,2024,0,3,0,nonSTEM,3,42,0
204,Male,2025,0,4,1,nonSTEM,3,43,0
205,Male,2010,0,1,0,nonSTEM,1,25,0
205,Male,2011,0,2,0,nonSTEM,1,26,0
205,Male,2012,0,3,0,nonSTEM,1,27,0
205,Male,2013,0,4,0,nonSTEM,1,28,0
205,Male,2014,0,5,0,nonSTEM,1,29,0
205,Male,2015,1,6,0,nonSTEM,1,30,0
205,Male,2016,0,1,0,nonSTEM,2,31,0
205,Male,2017,0,2,0,nonSTEM,2,32,0
205,Male,2018,0,3,0,nonSTEM,2,33,0
205,Male,2019,0,4,0,nonSTEM,2,34,0
205,Male,2020,0,5,0,nonSTEM,2,35,0
205,Male,2021,0,6,0,nonSTEM,2,36,0
205,Male,2022,1,7,0,nonSTEM,2,37,0
205,Male,2023,0,1,0,nonSTEM,3,38,0
205,Male,2024,0,2,0,nonSTEM,3,39,0
205,Male,2025,0,3,1,nonSTEM,3,40,0
206,Male,1992,0,1,0,STEM,1,29,0
206,Male,1993,0,2,0,STEM,1,30,0
206,Male,1994,0,3,0,STEM,1,31,0
206,Male,1995,0,4,0,STEM,1,32,0
206,Male,1996,1,5,0,STEM,1,33,0
206,Male,1997,0,1,0,STEM,2,34,0
206,Male,1998,0,2,0,STEM,2,35,0
206,Male,1999,0,3,0,STEM,2,36,0
206,Male,2000,0,4,0,STEM,2,37,0
206,Male,2001,0,5,1,STEM,2,38,0
207,Female,1991,0,1,0,STEM,1,30,0
207,Female,1992,0,2,0,STEM,1,31,0
207,Female,1993,0,3,0,STEM,1,32,0
207,Female,1994,0,4,0,STEM,1,33,0
207,Female,1995,0,5,0,STEM,1,34,0
207,Female,1996,0,6,0,STEM,1,35,0
207,Female,1997,0,7,0,STEM,1,36,0
207,Female,1998,1,8,1,STEM,1,37,0
208,Male,2005,0,1,0,STEM,1,26,0
208,Male,2006,0,2,0,STEM,1,27,0
208,Male,2007,0,3,0,STEM,1,28,0
208,Male,2008,1,4,0,STEM,1,29,0
208,Male,2009,0,1,0,STEM,2,30,0
208,Male,2010,0,2,0,STEM,2,31,0
208,Male,2011,0,3,0,STEM,2,32,0
208,Male,2012,0,4,0,STEM,2,33,0
208,Male,2013,0,5,0,STEM,2,34,0
208,Male,2014,1,6,0,STEM,2,35,0
208,Male,2015,0,1,0,STEM,3,36,0
208,Male,2016,0,2,0,STEM,3,37,0
208,Male,2017,0,3,0,STEM,3,38,0
208,Male,2018,0,4,0,STEM,3,39,0
208,Male,2019,0,5,0,STEM,3,40,0
208,Male,2020,0,6,1,STEM,3,41,0
209,Female,1996,0,1,0,STEM,1,29,0
209,Female,1997,0,2,0,STEM,1,30,0
209,Female,1998,0,3,0,STEM,1,31,0
209,Female,1999,0,4,0,STEM,1,32,0
209,Female,2000,1,5,0,STEM,1,33,0
209,Female,2001,0,1,0,STEM,2,34,0
209,Female,2002,0,2,0,STEM,2,35,0
209,Female,2003,0,3,0,STEM,2,36,0
209,Female,2004,0,4,0,STEM,2,37,0
209,Female,2005,0,5,0,STEM,2,38,0
209,Female,2006,0,6,0,STEM,2,39,0
209,Female,2007,0,7,0,STEM,2,40,0
209,Female,2008,0,8,0,STEM,2,41,0
209,Female,2009,0,9,0,STEM,2,42,0
209,Female,2010,1,10,0,STEM,2,43,0
209,Female,2011,0,1,0,STEM,3,44,0
209,Female,2012,0,2,0,STEM,3,45,0
209,Female,2013,0,3,1,STEM,3,46,0
210,Male,2004,0,1,0,STEM,1,34,0
210,Male,2005,0,2,0,STEM,1,35,0
210,Male,2006,0,3,0,STEM,1,36,0
210,Male,2007,1,4,0,STEM,1,37,0
210,Male,2008,0,1,0,STEM,2,38,0
210,Male,2009,0,2,0,STEM,2,39,0
210,Male,2010,0,3,0,STEM,2,40,0
210,Male,2011,0,4,0,STEM,2,41,0
210,Male,2012,0,5,0,STEM,2,42,0
210,Male,2013,0,6,0,STEM,2,43,0
210,Male,2014,0,7,0,STEM,2,44,0
210,Male,2015,0,8,0,STEM,2,45,0
210,Male,2016,0,9,0,STEM,2,46,0
210,Male,2017,1,10,0,STEM,2,47,0
210,Male,2018,0,1,0,STEM,3,48,0
210,Male,2019,0,2,0,STEM,3,49,0
210,Male,2020,0,3,1,STEM,3,50,0
211,Male,2001,0,1,0,nonSTEM,1,30,0
211,Male,2002,0,2,0,nonSTEM,1,31,0
211,Male,2003,0,3,0,nonSTEM,1,32,0
211,Male,2004,1,4,0,nonSTEM,1,33,0
211,Male,2005,0,1,0,nonSTEM,2,34,0
211,Male,2006,0,2,0,nonSTEM,2,35,0
211,Male,2007,0,3,0,nonSTEM,2,36,0
211,Male,2008,0,4,0,nonSTEM,2,37,0
211,Male,2009,0,5,0,nonSTEM,2,38,0
211,Male,2010,0,6,0,nonSTEM,2,39,0
211,Male,2011,0,7,1,nonSTEM,2,40,0
212,Male,2011,0,1,0,STEM,1,31,0
212,Male,2012,0,2,0,STEM,1,32,0
212,Male,2013,0,3,0,STEM,1,33,0
212,Male,2014,0,4,0,STEM,1,34,0
212,Male,2015,0,5,0,STEM,1,35,0
212,Male,2016,1,6,0,STEM,1,36,0
212,Male,2017,0,1,0,STEM,2,37,0
212,Male,2018,0,2,0,STEM,2,38,0
212,Male,2019,0,3,0,STEM,2,39,0
212,Male,2020,0,4,0,STEM,2,40,0
212,Male,2021,0,5,0,STEM,2,41,0
212,Male,2022,0,6,0,STEM,2,42,0
212,Male,2023,1,7,0,STEM,2,43,0
212,Male,2024,0,1,0,STEM,3,44,0
212,Male,2025,0,2,1,STEM,3,45,0
213,Female,1994,0,1,0,nonSTEM,1,29,0
213,Female,1995,0,2,0,nonSTEM,1,30,0
213,Female,1996,0,3,0,nonSTEM,1,31,0
213,Female,1997,0,4,0,nonSTEM,1,32,0
213,Female,1998,0,5,0,nonSTEM,1,33,0
213,Female,1999,0,6,0,nonSTEM,1,34,0
213,Female,2000,0,7,0,nonSTEM,1,35,0
213,Female,2001,1,8,0,nonSTEM,1,36,0
213,Female,2002,0,1,0,nonSTEM,2,37,0
213,Female,2003,0,2,0,nonSTEM,2,38,0
213,Female,2004,0,3,0,nonSTEM,2,39,0
213,Female,2005,0,4,0,nonSTEM,2,40,0
213,Female,2006,0,5,0,nonSTEM,2,41,0
213,Female,2007,0,6,0,nonSTEM,2,42,0
213,Female,2008,0,7,0,nonSTEM,2,43,0
213,Female,2009,0,8,0,nonSTEM,2,44,0
213,Female,2010,0,9,0,nonSTEM,2,45,0
213,Female,2011,0,10,0,nonSTEM,2,46,0
213,Female,2012,0,11,0,nonSTEM,2,47,0
213,Female,2013,1,12,0,nonSTEM,2,48,0
213,Female,2014,0,1,0,nonSTEM,3,49,0
213,Female,2015,0,2,0,nonSTEM,3,50,0
213,Female,2016,0,3,0,nonSTEM,3,51,0
213,Female,2017,0,4,1,nonSTEM,3,52,0
214,Female,1995,0,1,0,nonSTEM,1,32,0
214,Female,1996,0,2,0,nonSTEM,1,33,0
214,Female,1997,0,3,0,nonSTEM,1,34,0
214,Female,1998,0,4,0,nonSTEM,1,35,0
214,Female,1999,0,5,0,nonSTEM,1,36,0
214,Female,2000,0,6,0,nonSTEM,1,37,0
214,Female,2001,0,7,0,nonSTEM,1,38,0
214,Female,2002,0,8,0,nonSTEM,1,39,0
214,Female,2003,1,9,0,nonSTEM,1,40,0
214,Female,2004,0,1,0,nonSTEM,2,41,0
214,Female,2005,0,2,0,nonSTEM,2,42,0
214,Female,2006,1,3,0,nonSTEM,2,43,0
214,Female,2007,0,1,0,nonSTEM,3,44,0
214,Female,2008,0,2,0,nonSTEM,3,45,0
214,Female,2009,0,3,0,nonSTEM,3,46,0
214,Female,2010,0,4,0,nonSTEM,3,47,0
214,Female,2011,0,5,0,nonSTEM,3,48,0
214,Female,2012,0,6,0,nonSTEM,3,49,0
214,Female,2013,0,7,1,nonSTEM,3,50,0
215,Male,1991,0,1,0,STEM,1,30,0
215,Male,1992,0,2,0,STEM,1,31,0
215,Male,1993,0,3,0,STEM,1,32,0
215,Male,1994,0,4,0,STEM,1,33,0
215,Male,1995,0,5,0,STEM,1,34,0
215,Male,1996,0,6,0,STEM,1,35,0
215,Male,1997,0,7,0,STEM,1,36,0
215,Male,1998,1,8,0,STEM,1,37,0
215,Male,1999,0,1,0,STEM,2,38,0
215,Male,2000,0,2,0,STEM,2,39,0
215,Male,2001,0,3,0,STEM,2,40,0
215,Male,2002,0,4,0,STEM,2,41,0
215,Male,2003,0,5,0,STEM,2,42,0
215,Male,2004,0,6,1,STEM,2,43,0
216,Female,1990,1,1,0,STEM,1,32,0
216,Female,1991,0,1,0,STEM,2,33,0
216,Female,1992,0,2,0,STEM,2,34,0
216,Female,1993,0,3,0,STEM,2,35,0
216,Female,1994,0,4,1,STEM,2,36,0
217,Female,2009,0,1,0,nonSTEM,1,31,0
217,Female,2010,0,2,0,nonSTEM,1,32,0
217,Female,2011,0,3,0,nonSTEM,1,33,0
217,Female,2012,0,4,0,nonSTEM,1,34,0
217,Female,2013,0,5,0,nonSTEM,1,35,0
217,Female,2014,1,6,0,nonSTEM,1,36,0
217,Female,2015,0,1,0,nonSTEM,2,37,0
217,Female,2016,0,2,0,nonSTEM,2,38,0
217,Female,2017,0,3,0,nonSTEM,2,39,0
217,Female,2018,0,4,0,nonSTEM,2,40,0
217,Female,2019,0,5,0,nonSTEM,2,41,0
217,Female,2020,0,6,0,nonSTEM,2,42,0
217,Female,2021,1,7,0,nonSTEM,2,43,0
217,Female,2022,0,1,1,nonSTEM,3,44,0
218,Male,2011,0,1,0,nonSTEM,1,32,0
218,Male,2012,0,2,0,nonSTEM,1,33,0
218,Male,2013,0,3,0,nonSTEM,1,34,0
218,Male,2014,0,4,0,nonSTEM,1,35,0
218,Male,2015,1,5,0,nonSTEM,1,36,0
218,Male,2016,0,1,0,nonSTEM,2,37,0
218,Male,2017,0,2,0,nonSTEM,2,38,0
218,Male,2018,0,3,0,nonSTEM,2,39,0
218,Male,2019,0,4,0,nonSTEM,2,40,0
218,Male,2020,0,5,0,nonSTEM,2,41,0
218,Male,2021,0,6,0,nonSTEM,2,42,0
218,Male,2022,0,7,0,nonSTEM,2,43,0
218,Male,2023,1,8,0,nonSTEM,2,44,0
218,Male,2024,0,1,0,nonSTEM,3,45,0
218,Male,2025,0,2,1,nonSTEM,3,46,0
219,Male,1991,0,1,0,nonSTEM,1,29,0
219,Male,1992,0,2,0,nonSTEM,1,30,0
219,Male,1993,0,3,0,nonSTEM,1,31,0
219,Male,1994,1,4,0,nonSTEM,1,32,0
219,Male,1995,0,1,0,nonSTEM,2,33,0
219,Male,1996,0,2,0,nonSTEM,2,34,0
219,Male,1997,0,3,0,nonSTEM,2,35,0
219,Male,1998,1,4,0,nonSTEM,2,36,0
219,Male,1999,0,1,0,nonSTEM,3,37,0
219,Male,2000,0,2,0,nonSTEM,3,38,0
219,Male,2001,0,3,0,nonSTEM,3,39,0
219,Male,2002,0,4,0,nonSTEM,3,40,0
219,Male,2003,0,5,0,nonSTEM,3,41,0
219,Male,2004,0,6,0,nonSTEM,3,42,0
219,Male,2005,0,7,0,nonSTEM,3,43,0
219,Male,2006,0,8,0,nonSTEM,3,44,0
219,Male,2007,0,9,0,nonSTEM,3,45,0
219,Male,2008,1,10,0,nonSTEM,3,46,0
219,Male,2009,0,1,0,nonSTEM,4,47,0
219,Male,2010,0,2,0,nonSTEM,4,48,0
219,Male,2011,0,3,0,nonSTEM,4,49,0
219,Male,2012,0,4,0,nonSTEM,4,50,0
219,Male,2013,0,5,0,nonSTEM,4,51,0
219,Male,2014,0,6,1,nonSTEM,4,52,0
220,Female,2002,0,1,0,nonSTEM,1,29,0
220,Female,2003,0,2,0,nonSTEM,1,30,0
220,Female,2004,0,3,0,nonSTEM,1,31,0
220,Female,2005,0,4,0,nonSTEM,1,32,0
220,Female,2006,0,5,0,nonSTEM,1,33,0
220,Female,2007,0,6,0,nonSTEM,1,34,0
220,Female,2008,0,7,0,nonSTEM,1,35,0
220,Female,2009,0,8,0,nonSTEM,1,36,0
220,Female,2010,0,9,0,nonSTEM,1,37,0
220,Female,2011,1,10,0,nonSTEM,1,38,0
220,Female,2012,0,1,0,nonSTEM,2,39,0
220,Female,2013,1,2,0,nonSTEM,2,40,0
220,Female,2014,0,1,0,nonSTEM,3,41,0
220,Female,2015,0,2,0,nonSTEM,3,42,0
220,Female,2016,0,3,0,nonSTEM,3,43,0
220,Female,2017,0,4,0,nonSTEM,3,44,0
220,Female,2018,0,5,0,nonSTEM,3,45,0
220,Female,2019,0,6,0,nonSTEM,3,46,0
220,Female,2020,0,7,0,nonSTEM,3,47,0
220,Female,2021,0,8,1,nonSTEM,3,48,0
221,Male,2015,0,1,0,STEM,1,27,0
221,Male,2016,0,2,0,STEM,1,28,0
221,Male,2017,0,3,0,STEM,1,29,0
221,Male,2018,0,4,0,STEM,1,30,0
221,Male,2019,0,5,0,STEM,1,31,0
221,Male,2020,1,6,0,STEM,1,32,0
221,Male,2021,0,1,0,STEM,2,33,0
221,Male,2022,0,2,1,STEM,2,34,0
222,Female,1997,0,1,0,nonSTEM,1,30,0
222,Female,1998,0,2,0,nonSTEM,1,31,0
222,Female,1999,0,3,0,nonSTEM,1,32,0
222,Female,2000,0,4,0,nonSTEM,1,33,0
222,Female,2001,0,5,0,nonSTEM,1,34,0
222,Female,2002,0,6,0,nonSTEM,1,35,0
222,Female,2003,0,7,0,nonSTEM,1,36,0
222,Female,2004,1,8,0,nonSTEM,1,37,0
222,Female,2005,0,1,0,nonSTEM,2,38,0
222,Female,2006,0,2,0,nonSTEM,2,39,0
222,Female,2007,0,3,0,nonSTEM,2,40,0
222,Female,2008,0,4,1,nonSTEM,2,41,0
223,Male,2005,0,1,0,nonSTEM,1,28,0
223,Male,2006,0,2,0,nonSTEM,1,29,0
223,Male,2007,0,3,0,nonSTEM,1,30,0
223,Male,2008,0,4,0,nonSTEM,1,31,0
223,Male,2009,0,5,0,nonSTEM,1,32,0
223,Male,2010,0,6,0,nonSTEM,1,33,0
223,Male,2011,0,7,0,nonSTEM,1,34,0
223,Male,2012,0,8,0,nonSTEM,1,35,0
223,Male,2013,1,9,0,nonSTEM,1,36,0
223,Male,2014,0,1,0,nonSTEM,2,37,0
223,Male,2015,0,2,0,nonSTEM,2,38,0
223,Male,2016,0,3,0,nonSTEM,2,39,0
223,Male,2017,0,4,0,nonSTEM,2,40,0
223,Male,2018,0,5,0,nonSTEM,2,41,0
223,Male,2019,1,6,0,nonSTEM,2,42,0
223,Male,2020,0,1,0,nonSTEM,3,43,0
223,Male,2021,0,2,0,nonSTEM,3,44,0
223,Male,2022,0,3,0,nonSTEM,3,45,0
223,Male,2023,0,4,0,nonSTEM,3,46,0
223,Male,2024,0,5,0,nonSTEM,3,47,0
223,Male,2025,0,6,1,nonSTEM,3,48,0
224,Female,2016,0,1,0,STEM,1,32,0
224,Female,2017,0,2,0,STEM,1,33,0
224,Female,2018,0,3,0,STEM,1,34,0
224,Female,2019,0,4,0,STEM,1,35,0
224,Female,2020,0,5,0,STEM,1,36,0
224,Female,2021,0,6,0,STEM,1,37,0
224,Female,2022,0,7,0,STEM,1,38,0
224,Female,2023,1,8,0,STEM,1,39,0
224,Female,2024,0,1,0,STEM,2,40,0
224,Female,2025,0,2,1,STEM,2,41,0
225,Male,1996,0,1,0,nonSTEM,1,28,0
225,Male,1997,0,2,0,nonSTEM,1,29,0
225,Male,1998,0,3,0,nonSTEM,1,30,0
225,Male,1999,0,4,0,nonSTEM,1,31,0
225,Male,2000,1,5,0,nonSTEM,1,32,0
225,Male,2001,1,1,0,nonSTEM,2,33,0
225,Male,2002,1,1,0,nonSTEM,3,34,0
225,Male,2003,0,1,0,nonSTEM,4,35,0
225,Male,2004,0,2,0,nonSTEM,4,36,0
225,Male,2005,0,3,0,nonSTEM,4,37,0
225,Male,2006,0,4,0,nonSTEM,4,38,0
225,Male,2007,0,5,0,nonSTEM,4,39,0
225,Male,2008,0,6,0,nonSTEM,4,40,0
225,Male,2009,0,7,0,nonSTEM,4,41,0
225,Male,2010,0,8,0,nonSTEM,4,42,0
225,Male,2011,0,9,0,nonSTEM,4,43,0
225,Male,2012,0,10,0,nonSTEM,4,44,0
225,Male,2013,0,11,0,nonSTEM,4,45,0
225,Male,2014,0,12,0,nonSTEM,4,46,0
225,Male,2015,0,13,0,nonSTEM,4,47,0
225,Male,2016,0,14,0,nonSTEM,4,48,0
225,Male,2017,0,15,0,nonSTEM,4,49,0
225,Male,2018,0,16,0,nonSTEM,4,50,0
225,Male,2019,0,17,0,nonSTEM,4,51,0
225,Male,2020,0,18,0,nonSTEM,4,52,0
225,Male,2021,0,19,1,nonSTEM,4,53,0
226,Male,2014,0,1,0,nonSTEM,1,31,0
226,Male,2015,0,2,0,nonSTEM,1,32,0
226,Male,2016,0,3,0,nonSTEM,1,33,0
226,Male,2017,0,4,0,nonSTEM,1,34,0
226,Male,2018,0,5,0,nonSTEM,1,35,0
226,Male,2019,0,6,0,nonSTEM,1,36,0
226,Male,2020,1,7,0,nonSTEM,1,37,0
226,Male,2021,0,1,0,nonSTEM,2,38,0
226,Male,2022,0,2,0,nonSTEM,2,39,0
226,Male,2023,0,3,0,nonSTEM,2,40,0
226,Male,2024,0,4,0,nonSTEM,2,41,0
226,Male,2025,0,5,1,nonSTEM,2,42,0
227,Female,2006,0,1,0,STEM,1,27,0
227,Female,2007,0,2,0,STEM,1,28,0
227,Female,2008,0,3,0,STEM,1,29,0
227,Female,2009,0,4,0,STEM,1,30,0
227,Female,2010,1,5,0,STEM,1,31,0
227,Female,2011,0,1,0,STEM,2,32,0
227,Female,2012,0,2,0,STEM,2,33,0
227,Female,2013,0,3,0,STEM,2,34,0
227,Female,2014,0,4,0,STEM,2,35,0
227,Female,2015,0,5,0,STEM,2,36,0
227,Female,2016,1,6,0,STEM,2,37,0
227,Female,2017,0,1,0,STEM,3,38,0
227,Female,2018,0,2,0,STEM,3,39,0
227,Female,2019,0,3,0,STEM,3,40,0
227,Female,2020,0,4,0,STEM,3,41,0
227,Female,2021,0,5,0,STEM,3,42,0
227,Female,2022,0,6,0,STEM,3,43,0
227,Female,2023,0,7,0,STEM,3,44,0
227,Female,2024,1,8,0,STEM,3,45,0
227,Female,2025,0,1,1,STEM,4,46,0
228,Male,2010,0,1,0,STEM,1,28,0
228,Male,2011,0,2,0,STEM,1,29,0
228,Male,2012,0,3,0,STEM,1,30,0
228,Male,2013,1,4,0,STEM,1,31,0
228,Male,2014,0,1,0,STEM,2,32,0
228,Male,2015,0,2,0,STEM,2,33,0
228,Male,2016,0,3,0,STEM,2,34,0
228,Male,2017,0,4,0,STEM,2,35,0
228,Male,2018,0,5,0,STEM,2,36,0
228,Male,2019,0,6,0,STEM,2,37,0
228,Male,2020,0,7,0,STEM,2,38,0
228,Male,2021,0,8,0,STEM,2,39,0
228,Male,2022,1,9,0,STEM,2,40,0
228,Male,2023,0,1,0,STEM,3,41,0
228,Male,2024,0,2,0,STEM,3,42,0
228,Male,2025,0,3,1,STEM,3,43,0
229,Female,2006,0,1,0,nonSTEM,1,32,0
229,Female,2007,0,2,0,nonSTEM,1,33,0
229,Female,2008,0,3,0,nonSTEM,1,34,0
229,Female,2009,0,4,0,nonSTEM,1,35,0
229,Female,2010,0,5,0,nonSTEM,1,36,0
229,Female,2011,0,6,0,nonSTEM,1,37,0
229,Female,2012,1,7,0,nonSTEM,1,38,0
229,Female,2013,0,1,0,nonSTEM,2,39,0
229,Female,2014,0,2,0,nonSTEM,2,40,0
229,Female,2015,0,3,0,nonSTEM,2,41,0
229,Female,2016,0,4,0,nonSTEM,2,42,0
229,Female,2017,0,5,0,nonSTEM,2,43,0
229,Female,2018,1,6,0,nonSTEM,2,44,0
229,Female,2019,1,1,0,nonSTEM,3,45,0
229,Female,2020,0,1,0,nonSTEM,4,46,0
229,Female,2021,0,2,0,nonSTEM,4,47,0
229,Female,2022,0,3,0,nonSTEM,4,48,0
229,Female,2023,0,4,0,nonSTEM,4,49,0
229,Female,2024,0,5,0,nonSTEM,4,50,0
229,Female,2025,0,6,1,nonSTEM,4,51,0
230,Male,1997,0,1,0,STEM,1,29,0
230,Male,1998,0,2,0,STEM,1,30,0
230,Male,1999,0,3,0,STEM,1,31,0
230,Male,2000,1,4,0,STEM,1,32,0
230,Male,2001,0,1,0,STEM,2,33,0
230,Male,2002,0,2,0,STEM,2,34,0
230,Male,2003,1,3,0,STEM,2,35,0
230,Male,2004,0,1,0,STEM,3,36,0
230,Male,2005,0,2,0,STEM,3,37,0
230,Male,2006,0,3,0,STEM,3,38,0
230,Male,2007,0,4,1,STEM,3,39,0
231,Male,2000,0,1,0,STEM,1,35,0
231,Male,2001,0,2,0,STEM,1,36,0
231,Male,2002,0,3,0,STEM,1,37,0
231,Male,2003,0,4,0,STEM,1,38,0
231,Male,2004,0,5,0,STEM,1,39,0
231,Male,2005,1,6,0,STEM,1,40,0
231,Male,2006,0,1,0,STEM,2,41,0
231,Male,2007,0,2,0,STEM,2,42,0
231,Male,2008,0,3,0,STEM,2,43,0
231,Male,2009,0,4,0,STEM,2,44,0
231,Male,2010,1,5,0,STEM,2,45,0
231,Male,2011,0,1,0,STEM,3,46,0
231,Male,2012,0,2,0,STEM,3,47,0
231,Male,2013,0,3,0,STEM,3,48,0
231,Male,2014,0,4,0,STEM,3,49,0
231,Male,2015,0,5,0,STEM,3,50,0
231,Male,2016,0,6,0,STEM,3,51,0
231,Male,2017,0,7,0,STEM,3,52,0
231,Male,2018,0,8,0,STEM,3,53,0
231,Male,2019,1,9,0,STEM,3,54,0
231,Male,2020,0,1,0,STEM,4,55,0
231,Male,2021,0,2,1,STEM,4,56,0
232,Female,1996,0,1,0,nonSTEM,1,31,0
232,Female,1997,0,2,0,nonSTEM,1,32,0
232,Female,1998,0,3,0,nonSTEM,1,33,0
232,Female,1999,0,4,0,nonSTEM,1,34,0
232,Female,2000,0,5,0,nonSTEM,1,35,0
232,Female,2001,0,6,0,nonSTEM,1,36,0
232,Female,2002,1,7,0,nonSTEM,1,37,0
232,Female,2003,0,1,0,nonSTEM,2,38,0
232,Female,2004,0,2,0,nonSTEM,2,39,0
232,Female,2005,0,3,0,nonSTEM,2,40,0
232,Female,2006,0,4,0,nonSTEM,2,41,0
232,Female,2007,0,5,0,nonSTEM,2,42,0
232,Female,2008,0,6,0,nonSTEM,2,43,0
232,Female,2009,0,7,1,nonSTEM,2,44,0
233,Male,2002,0,1,0,nonSTEM,1,25,0
233,Male,2003,0,2,0,nonSTEM,1,26,0
233,Male,2004,0,3,0,nonSTEM,1,27,0
233,Male,2005,0,4,0,nonSTEM,1,28,0
233,Male,2006,0,5,0,nonSTEM,1,29,0
233,Male,2007,1,6,0,nonSTEM,1,30,0
233,Male,2008,0,1,0,nonSTEM,2,31,0
233,Male,2009,0,2,0,nonSTEM,2,32,0
233,Male,2010,0,3,0,nonSTEM,2,33,0
233,Male,2011,0,4,0,nonSTEM,2,34,0
233,Male,2012,0,5,0,nonSTEM,2,35,0
233,Male,2013,1,6,0,nonSTEM,2,36,0
233,Male,2014,0,1,0,nonSTEM,3,37,0
233,Male,2015,0,2,0,nonSTEM,3,38,0
233,Male,2016,0,3,0,nonSTEM,3,39,0
233,Male,2017,0,4,0,nonSTEM,3,40,0
233,Male,2018,0,5,1,nonSTEM,3,41,0
234,Female,2002,0,1,0,STEM,1,31,0
234,Female,2003,0,2,0,STEM,1,32,0
234,Female,2004,0,3,0,STEM,1,33,0
234,Female,2005,0,4,0,STEM,1,34,0
234,Female,2006,1,5,0,STEM,1,35,0
234,Female,2007,0,1,0,STEM,2,36,0
234,Female,2008,0,2,0,STEM,2,37,0
234,Female,2009,0,3,0,STEM,2,38,0
234,Female,2010,0,4,0,STEM,2,39,0
234,Female,2011,0,5,1,STEM,2,40,0
235,Male,2007,0,1,0,STEM,1,30,0
235,Male,2008,0,2,0,STEM,1,31,0
235,Male,2009,1,3,0,STEM,1,32,0
235,Male,2010,0,1,0,STEM,2,33,0
235,Male,2011,0,2,0,STEM,2,34,0
235,Male,2012,0,3,0,STEM,2,35,0
235,Male,2013,0,4,0,STEM,2,36,0
235,Male,2014,0,5,0,STEM,2,37,0
235,Male,2015,0,6,0,STEM,2,38,0
235,Male,2016,0,7,0,STEM,2,39,0
235,Male,2017,1,8,0,STEM,2,40,0
235,Male,2018,0,1,1,STEM,3,41,0
236,Female,2001,0,1,0,STEM,1,32,0
236,Female,2002,0,2,0,STEM,1,33,0
236,Female,2003,0,3,0,STEM,1,34,0
236,Female,2004,0,4,0,STEM,1,35,0
236,Female,2005,1,5,0,STEM,1,36,0
236,Female,2006,0,1,0,STEM,2,37,0
236,Female,2007,0,2,1,STEM,2,38,0
237,Male,1993,0,1,0,nonSTEM,1,26,0
237,Male,1994,0,2,0,nonSTEM,1,27,0
237,Male,1995,0,3,0,nonSTEM,1,28,0
237,Male,1996,0,4,0,nonSTEM,1,29,0
237,Male,1997,1,5,0,nonSTEM,1,30,0
237,Male,1998,0,1,0,nonSTEM,2,31,0
237,Male,1999,1,2,0,nonSTEM,2,32,0
237,Male,2000,0,1,0,nonSTEM,3,33,0
237,Male,2001,0,2,0,nonSTEM,3,34,0
237,Male,2002,0,3,0,nonSTEM,3,35,0
237,Male,2003,0,4,0,nonSTEM,3,36,0
237,Male,2004,0,5,0,nonSTEM,3,37,0
237,Male,2005,1,6,0,nonSTEM,3,38,0
237,Male,2006,0,1,0,nonSTEM,4,39,0
237,Male,2007,0,2,0,nonSTEM,4,40,0
237,Male,2008,0,3,0,nonSTEM,4,41,0
237,Male,2009,0,4,0,nonSTEM,4,42,0
237,Male,2010,0,5,0,nonSTEM,4,43,0
237,Male,2011,0,6,0,nonSTEM,4,44,0
237,Male,2012,0,7,1,nonSTEM,4,45,0
238,Female,1999,0,1,0,nonSTEM,1,31,0
238,Female,2000,0,2,0,nonSTEM,1,32,0
238,Female,2001,0,3,0,nonSTEM,1,33,0
238,Female,2002,0,4,0,nonSTEM,1,34,0
238,Female,2003,1,5,0,nonSTEM,1,35,0
238,Female,2004,0,1,0,nonSTEM,2,36,0
238,Female,2005,0,2,0,nonSTEM,2,37,0
238,Female,2006,0,3,0,nonSTEM,2,38,0
238,Female,2007,0,4,0,nonSTEM,2,39,0
238,Female,2008,0,5,0,nonSTEM,2,40,0
238,Female,2009,0,6,0,nonSTEM,2,41,0
238,Female,2010,0,7,0,nonSTEM,2,42,0
238,Female,2011,1,8,0,nonSTEM,2,43,0
238,Female,2012,0,1,0,nonSTEM,3,44,0
238,Female,2013,0,2,0,nonSTEM,3,45,0
238,Female,2014,0,3,1,nonSTEM,3,46,0
239,Male,2015,0,1,0,STEM,1,31,0
239,Male,2016,0,2,0,STEM,1,32,0
239,Male,2017,0,3,0,STEM,1,33,0
239,Male,2018,0,4,0,STEM,1,34,0
239,Male,2019,0,5,0,STEM,1,35,0
239,Male,2020,0,6,0,STEM,1,36,0
239,Male,2021,1,7,0,STEM,1,37,0
239,Male,2022,0,1,0,STEM,2,38,0
239,Male,2023,0,2,0,STEM,2,39,0
239,Male,2024,0,3,0,STEM,2,40,0
239,Male,2025,0,4,1,STEM,2,41,0
240,Female,2012,0,1,0,nonSTEM,1,30,0
240,Female,2013,0,2,0,nonSTEM,1,31,0
240,Female,2014,0,3,0,nonSTEM,1,32,0
240,Female,2015,0,4,0,nonSTEM,1,33,0
240,Female,2016,0,5,0,nonSTEM,1,34,0
240,Female,2017,0,6,0,nonSTEM,1,35,0
240,Female,2018,1,7,0,nonSTEM,1,36,0
240,Female,2019,0,1,0,nonSTEM,2,37,0
240,Female,2020,0,2,0,nonSTEM,2,38,0
240,Female,2021,0,3,0,nonSTEM,2,39,0
240,Female,2022,0,4,1,nonSTEM,2,40,0
241,Female,2009,0,1,0,STEM,1,29,0
241,Female,2010,0,2,0,STEM,1,30,0
241,Female,2011,0,3,0,STEM,1,31,0
241,Female,2012,0,4,0,STEM,1,32,0
241,Female,2013,0,5,0,STEM,1,33,0
241,Female,2014,1,6,0,STEM,1,34,0
241,Female,2015,0,1,0,STEM,2,35,0
241,Female,2016,0,2,0,STEM,2,36,0
241,Female,2017,0,3,0,STEM,2,37,0
241,Female,2018,0,4,0,STEM,2,38,0
241,Female,2019,0,5,0,STEM,2,39,0
241,Female,2020,0,6,0,STEM,2,40,0
241,Female,2021,0,7,0,STEM,2,41,0
241,Female,2022,1,8,0,STEM,2,42,0
241,Female,2023,0,1,0,STEM,3,43,0
241,Female,2024,0,2,0,STEM,3,44,0
241,Female,2025,0,3,1,STEM,3,45,0
242,Male,2002,0,1,0,STEM,1,31,0
242,Male,2003,0,2,0,STEM,1,32,0
242,Male,2004,0,3,0,STEM,1,33,0
242,Male,2005,1,4,0,STEM,1,34,0
242,Male,2006,0,1,0,STEM,2,35,0
242,Male,2007,1,2,0,STEM,2,36,0
242,Male,2008,0,1,0,STEM,3,37,0
242,Male,2009,0,2,0,STEM,3,38,0
242,Male,2010,0,3,0,STEM,3,39,0
242,Male,2011,0,4,0,STEM,3,40,0
242,Male,2012,0,5,0,STEM,3,41,0
242,Male,2013,0,6,0,STEM,3,42,0
242,Male,2014,0,7,1,STEM,3,43,0
243,Male,2002,0,1,0,nonSTEM,1,32,0
243,Male,2003,0,2,0,nonSTEM,1,33,0
243,Male,2004,0,3,0,nonSTEM,1,34,0
243,Male,2005,0,4,0,nonSTEM,1,35,0
243,Male,2006,1,5,1,nonSTEM,1,36,0
244,Female,1993,0,1,0,nonSTEM,1,38,0
244,Female,1994,0,2,0,nonSTEM,1,39,0
244,Female,1995,0,3,0,nonSTEM,1,40,0
244,Female,1996,0,4,0,nonSTEM,1,41,0
244,Female,1997,0,5,0,nonSTEM,1,42,0
244,Female,1998,0,6,0,nonSTEM,1,43,0
244,Female,1999,1,7,0,nonSTEM,1,44,0
244,Female,2000,0,1,0,nonSTEM,2,45,0
244,Female,2001,0,2,0,nonSTEM,2,46,0
244,Female,2002,0,3,0,nonSTEM,2,47,0
244,Female,2003,0,4,0,nonSTEM,2,48,0
244,Female,2004,0,5,0,nonSTEM,2,49,0
244,Female,2005,0,6,0,nonSTEM,2,50,0
244,Female,2006,0,7,0,nonSTEM,2,51,0
244,Female,2007,1,8,0,nonSTEM,2,52,0
244,Female,2008,0,1,0,nonSTEM,3,53,0
244,Female,2009,0,2,0,nonSTEM,3,54,0
244,Female,2010,0,3,0,nonSTEM,3,55,0
244,Female,2011,0,4,0,nonSTEM,3,56,0
244,Female,2012,0,5,0,nonSTEM,3,57,0
244,Female,2013,0,6,0,nonSTEM,3,58,0
244,Female,2014,0,7,0,nonSTEM,3,59,0
244,Female,2015,0,8,0,nonSTEM,3,60,0
244,Female,2016,0,9,0,nonSTEM,3,61,0
244,Female,2017,0,10,0,nonSTEM,3,62,0
244,Female,2018,0,11,0,nonSTEM,3,63,0
244,Female,2019,0,12,0,nonSTEM,3,64,0
244,Female,2020,1,13,0,nonSTEM,3,65,1
244,Female,2021,0,1,1,nonSTEM,4,66,1
245,Female,2000,0,1,0,nonSTEM,1,31,0
245,Female,2001,0,2,0,nonSTEM,1,32,0
245,Female,2002,0,3,0,nonSTEM,1,33,0
245,Female,2003,0,4,0,nonSTEM,1,34,0
245,Female,2004,0,5,0,nonSTEM,1,35,0
245,Female,2005,0,6,0,nonSTEM,1,36,0
245,Female,2006,0,7,0,nonSTEM,1,37,0
245,Female,2007,1,8,0,nonSTEM,1,38,0
245,Female,2008,0,1,0,nonSTEM,2,39,0
245,Female,2009,0,2,0,nonSTEM,2,40,0
245,Female,2010,0,3,0,nonSTEM,2,41,0
245,Female,2011,0,4,0,nonSTEM,2,42,0
245,Female,2012,0,5,0,nonSTEM,2,43,0
245,Female,2013,0,6,0,nonSTEM,2,44,0
245,Female,2014,0,7,0,nonSTEM,2,45,0
245,Female,2015,0,8,0,nonSTEM,2,46,0
245,Female,2016,0,9,0,nonSTEM,2,47,0
245,Female,2017,0,10,0,nonSTEM,2,48,0
245,Female,2018,1,11,1,nonSTEM,2,49,0
246,Male,2008,0,1,0,STEM,1,31,0
246,Male,2009,0,2,0,STEM,1,32,0
246,Male,2010,0,3,0,STEM,1,33,0
246,Male,2011,0,4,0,STEM,1,34,0
246,Male,2012,1,5,0,STEM,1,35,0
246,Male,2013,0,1,0,STEM,2,36,0
246,Male,2014,0,2,0,STEM,2,37,0
246,Male,2015,0,3,0,STEM,2,38,0
246,Male,2016,0,4,0,STEM,2,39,0
246,Male,2017,0,5,0,STEM,2,40,0
246,Male,2018,0,6,0,STEM,2,41,0
246,Male,2019,0,7,0,STEM,2,42,0
246,Male,2020,1,8,0,STEM,2,43,0
246,Male,2021,0,1,0,STEM,3,44,0
246,Male,2022,0,2,0,STEM,3,45,0
246,Male,2023,0,3,0,STEM,3,46,0
246,Male,2024,0,4,1,STEM,3,47,0
247,Male,2005,0,1,0,STEM,1,31,0
247,Male,2006,0,2,0,STEM,1,32,0
247,Male,2007,1,3,0,STEM,1,33,0
247,Male,2008,0,1,0,STEM,2,34,0
247,Male,2009,0,2,0,STEM,2,35,0
247,Male,2010,0,3,0,STEM,2,36,0
247,Male,2011,0,4,0,STEM,2,37,0
247,Male,2012,1,5,0,STEM,2,38,0
247,Male,2013,0,1,0,STEM,3,39,0
247,Male,2014,0,2,0,STEM,3,40,0
247,Male,2015,0,3,0,STEM,3,41,0
247,Male,2016,0,4,0,STEM,3,42,0
247,Male,2017,0,5,0,STEM,3,43,0
247,Male,2018,0,6,0,STEM,3,44,0
247,Male,2019,0,7,0,STEM,3,45,0
247,Male,2020,0,8,0,STEM,3,46,0
247,Male,2021,1,9,0,STEM,3,47,0
247,Male,2022,0,1,0,STEM,4,48,0
247,Male,2023,0,2,0,STEM,4,49,0
247,Male,2024,0,3,0,STEM,4,50,0
247,Male,2025,0,4,1,STEM,4,51,0
248,Female,1995,0,1,0,nonSTEM,1,32,0
248,Female,1996,0,2,0,nonSTEM,1,33,0
248,Female,1997,0,3,0,nonSTEM,1,34,0
248,Female,1998,0,4,0,nonSTEM,1,35,0
248,Female,1999,0,5,0,nonSTEM,1,36,0
248,Female,2000,1,6,0,nonSTEM,1,37,0
248,Female,2001,0,1,0,nonSTEM,2,38,0
248,Female,2002,0,2,0,nonSTEM,2,39,0
248,Female,2003,0,3,0,nonSTEM,2,40,0
248,Female,2004,1,4,0,nonSTEM,2,41,0
248,Female,2005,0,1,0,nonSTEM,3,42,0
248,Female,2006,1,2,1,nonSTEM,3,43,0
249,Male,2010,0,1,0,STEM,1,26,0
249,Male,2011,0,2,0,STEM,1,27,0
249,Male,2012,0,3,0,STEM,1,28,0
249,Male,2013,0,4,0,STEM,1,29,0
249,Male,2014,0,5,0,STEM,1,30,0
249,Male,2015,0,6,0,STEM,1,31,0
249,Male,2016,1,7,0,STEM,1,32,0
249,Male,2017,0,1,0,STEM,2,33,0
249,Male,2018,0,2,0,STEM,2,34,0
249,Male,2019,0,3,0,STEM,2,35,0
249,Male,2020,0,4,0,STEM,2,36,0
249,Male,2021,1,5,0,STEM,2,37,0
249,Male,2022,0,1,0,STEM,3,38,0
249,Male,2023,0,2,0,STEM,3,39,0
249,Male,2024,0,3,0,STEM,3,40,0
249,Male,2025,0,4,1,STEM,3,41,0
250,Male,1997,0,1,0,STEM,1,35,0
250,Male,1998,0,2,0,STEM,1,36,0
250,Male,1999,1,3,0,STEM,1,37,0
250,Male,2000,0,1,0,STEM,2,38,0
250,Male,2001,0,2,0,STEM,2,39,0
250,Male,2002,0,3,0,STEM,2,40,0
250,Male,2003,0,4,0,STEM,2,41,0
250,Male,2004,0,5,0,STEM,2,42,0
250,Male,2005,0,6,0,STEM,2,43,0
250,Male,2006,0,7,0,STEM,2,44,0
250,Male,2007,0,8,0,STEM,2,45,0
250,Male,2008,0,9,0,STEM,2,46,0
250,Male,2009,1,10,0,STEM,2,47,0
250,Male,2010,0,1,0,STEM,3,48,0
250,Male,2011,0,2,0,STEM,3,49,0
250,Male,2012,1,3,0,STEM,3,50,0
250,Male,2013,0,1,0,STEM,4,51,0
250,Male,2014,0,2,1,STEM,4,52,0
251,Male,2014,0,1,0,STEM,1,33,0
251,Male,2015,0,2,0,STEM,1,34,0
251,Male,2016,0,3,0,STEM,1,35,0
251,Male,2017,0,4,0,STEM,1,36,0
251,Male,2018,0,5,1,STEM,1,37,0
252,Male,2004,0,1,0,STEM,1,32,0
252,Male,2005,0,2,0,STEM,1,33,0
252,Male,2006,0,3,0,STEM,1,34,0
252,Male,2007,0,4,0,STEM,1,35,0
252,Male,2008,0,5,0,STEM,1,36,0
252,Male,2009,0,6,0,STEM,1,37,0
252,Male,2010,1,7,0,STEM,1,38,0
252,Male,2011,1,1,0,STEM,2,39,0
252,Male,2012,0,1,0,STEM,3,40,0
252,Male,2013,0,2,0,STEM,3,41,0
252,Male,2014,0,3,0,STEM,3,42,0
252,Male,2015,0,4,0,STEM,3,43,0
252,Male,2016,0,5,0,STEM,3,44,0
252,Male,2017,0,6,1,STEM,3,45,0
253,Male,1993,0,1,0,STEM,1,31,0
253,Male,1994,0,2,0,STEM,1,32,0
253,Male,1995,0,3,0,STEM,1,33,0
253,Male,1996,0,4,0,STEM,1,34,0
253,Male,1997,1,5,0,STEM,1,35,0
253,Male,1998,0,1,0,STEM,2,36,0
253,Male,1999,0,2,0,STEM,2,37,0
253,Male,2000,0,3,0,STEM,2,38,0
253,Male,2001,0,4,0,STEM,2,39,0
253,Male,2002,1,5,0,STEM,2,40,0
253,Male,2003,0,1,0,STEM,3,41,0
253,Male,2004,0,2,0,STEM,3,42,0
253,Male,2005,0,3,0,STEM,3,43,0
253,Male,2006,0,4,0,STEM,3,44,0
253,Male,2007,0,5,0,STEM,3,45,0
253,Male,2008,0,6,1,STEM,3,46,0
254,Male,2007,0,1,0,STEM,1,25,0
254,Male,2008,0,2,0,STEM,1,26,0
254,Male,2009,0,3,0,STEM,1,27,0
254,Male,2010,0,4,0,STEM,1,28,0
254,Male,2011,0,5,0,STEM,1,29,0
254,Male,2012,0,6,0,STEM,1,30,0
254,Male,2013,0,7,0,STEM,1,31,0
254,Male,2014,1,8,0,STEM,1,32,0
254,Male,2015,0,1,0,STEM,2,33,0
254,Male,2016,0,2,0,STEM,2,34,0
254,Male,2017,0,3,0,STEM,2,35,0
254,Male,2018,0,4,0,STEM,2,36,0
254,Male,2019,0,5,0,STEM,2,37,0
254,Male,2020,0,6,0,STEM,2,38,0
254,Male,2021,0,7,0,STEM,2,39,0
254,Male,2022,0,8,0,STEM,2,40,0
254,Male,2023,0,9,0,STEM,2,41,0
254,Male,2024,1,10,0,STEM,2,42,0
254,Male,2025,0,1,1,STEM,3,43,0
255,Male,2016,0,1,0,nonSTEM,1,36,0
255,Male,2017,0,2,0,nonSTEM,1,37,0
255,Male,2018,0,3,0,nonSTEM,1,38,0
255,Male,2019,0,4,0,nonSTEM,1,39,0
255,Male,2020,0,5,0,nonSTEM,1,40,0
255,Male,2021,0,6,0,nonSTEM,1,41,0
255,Male,2022,0,7,0,nonSTEM,1,42,0
255,Male,2023,1,8,0,nonSTEM,1,43,0
255,Male,2024,0,1,0,nonSTEM,2,44,0
255,Male,2025,0,2,1,nonSTEM,2,45,0
256,Female,1997,0,1,0,nonSTEM,1,29,0
256,Female,1998,0,2,0,nonSTEM,1,30,0
256,Female,1999,0,3,0,nonSTEM,1,31,0
256,Female,2000,0,4,0,nonSTEM,1,32,0
256,Female,2001,0,5,0,nonSTEM,1,33,0
256,Female,2002,0,6,0,nonSTEM,1,34,0
256,Female,2003,0,7,0,nonSTEM,1,35,0
256,Female,2004,1,8,0,nonSTEM,1,36,0
256,Female,2005,0,1,0,nonSTEM,2,37,0
256,Female,2006,0,2,0,nonSTEM,2,38,0
256,Female,2007,0,3,0,nonSTEM,2,39,0
256,Female,2008,0,4,0,nonSTEM,2,40,0
256,Female,2009,0,5,0,nonSTEM,2,41,0
256,Female,2010,0,6,0,nonSTEM,2,42,0
256,Female,2011,0,7,0,nonSTEM,2,43,0
256,Female,2012,0,8,0,nonSTEM,2,44,0
256,Female,2013,0,9,0,nonSTEM,2,45,0
256,Female,2014,0,10,1,nonSTEM,2,46,0
257,Male,1998,0,1,0,STEM,1,36,0
257,Male,1999,0,2,0,STEM,1,37,0
257,Male,2000,0,3,0,STEM,1,38,0
257,Male,2001,0,4,0,STEM,1,39,0
257,Male,2002,0,5,0,STEM,1,40,0
257,Male,2003,1,6,0,STEM,1,41,0
257,Male,2004,0,1,0,STEM,2,42,0
257,Male,2005,0,2,0,STEM,2,43,0
257,Male,2006,0,3,0,STEM,2,44,0
257,Male,2007,0,4,0,STEM,2,45,0
257,Male,2008,0,5,0,STEM,2,46,0
257,Male,2009,1,6,0,STEM,2,47,0
257,Male,2010,0,1,0,STEM,3,48,0
257,Male,2011,0,2,1,STEM,3,49,0
258,Male,2009,0,1,0,nonSTEM,1,29,0
258,Male,2010,0,2,0,nonSTEM,1,30,0
258,Male,2011,0,3,0,nonSTEM,1,31,0
258,Male,2012,0,4,0,nonSTEM,1,32,0
258,Male,2013,0,5,0,nonSTEM,1,33,0
258,Male,2014,0,6,0,nonSTEM,1,34,0
258,Male,2015,1,7,0,nonSTEM,1,35,0
258,Male,2016,0,1,0,nonSTEM,2,36,0
258,Male,2017,0,2,0,nonSTEM,2,37,0
258,Male,2018,0,3,0,nonSTEM,2,38,0
258,Male,2019,0,4,0,nonSTEM,2,39,0
258,Male,2020,0,5,0,nonSTEM,2,40,0
258,Male,2021,0,6,0,nonSTEM,2,41,0
258,Male,2022,1,7,1,nonSTEM,2,42,0
259,Male,1999,0,1,0,STEM,1,27,0
259,Male,2000,0,2,0,STEM,1,28,0
259,Male,2001,0,3,0,STEM,1,29,0
259,Male,2002,0,4,0,STEM,1,30,0
259,Male,2003,1,5,0,STEM,1,31,0
259,Male,2004,0,1,0,STEM,2,32,0
259,Male,2005,0,2,0,STEM,2,33,0
259,Male,2006,0,3,0,STEM,2,34,0
259,Male,2007,0,4,0,STEM,2,35,0
259,Male,2008,0,5,0,STEM,2,36,0
259,Male,2009,1,6,0,STEM,2,37,0
259,Male,2010,0,1,0,STEM,3,38,0
259,Male,2011,0,2,0,STEM,3,39,0
259,Male,2012,0,3,0,STEM,3,40,0
259,Male,2013,0,4,0,STEM,3,41,0
259,Male,2014,0,5,0,STEM,3,42,0
259,Male,2015,0,6,0,STEM,3,43,0
259,Male,2016,0,7,0,STEM,3,44,0
259,Male,2017,0,8,0,STEM,3,45,0
259,Male,2018,0,9,0,STEM,3,46,0
259,Male,2019,1,10,0,STEM,3,47,0
259,Male,2020,0,1,0,STEM,4,48,0
259,Male,2021,0,2,0,STEM,4,49,0
259,Male,2022,0,3,1,STEM,4,50,0
260,Female,1990,0,1,0,STEM,1,33,0
260,Female,1991,0,2,0,STEM,1,34,0
260,Female,1992,0,3,0,STEM,1,35,0
260,Female,1993,0,4,0,STEM,1,36,0
260,Female,1994,1,5,0,STEM,1,37,0
260,Female,1995,0,1,0,STEM,2,38,0
260,Female,1996,0,2,0,STEM,2,39,0
260,Female,1997,0,3,0,STEM,2,40,0
260,Female,1998,0,4,1,STEM,2,41,0
261,Female,2015,0,1,0,nonSTEM,1,31,0
261,Female,2016,0,2,0,nonSTEM,1,32,0
261,Female,2017,0,3,0,nonSTEM,1,33,0
261,Female,2018,0,4,0,nonSTEM,1,34,0
261,Female,2019,0,5,0,nonSTEM,1,35,0
261,Female,2020,0,6,0,nonSTEM,1,36,0
261,Female,2021,1,7,0,nonSTEM,1,37,0
261,Female,2022,0,1,0,nonSTEM,2,38,0
261,Female,2023,0,2,0,nonSTEM,2,39,0
261,Female,2024,0,3,0,nonSTEM,2,40,0
261,Female,2025,0,4,1,nonSTEM,2,41,0
262,Male,1991,0,1,0,STEM,1,31,0
262,Male,1992,0,2,0,STEM,1,32,0
262,Male,1993,0,3,0,STEM,1,33,0
262,Male,1994,0,4,0,STEM,1,34,0
262,Male,1995,0,5,0,STEM,1,35,0
262,Male,1996,0,6,0,STEM,1,36,0
262,Male,1997,1,7,0,STEM,1,37,0
262,Male,1998,0,1,0,STEM,2,38,0
262,Male,1999,1,2,0,STEM,2,39,0
262,Male,2000,1,1,0,STEM,3,40,0
262,Male,2001,0,1,0,STEM,4,41,0
262,Male,2002,0,2,0,STEM,4,42,0
262,Male,2003,0,3,0,STEM,4,43,0
262,Male,2004,0,4,1,STEM,4,44,0
263,Female,1998,0,1,0,STEM,1,34,0
263,Female,1999,0,2,0,STEM,1,35,0
263,Female,2000,0,3,0,STEM,1,36,0
263,Female,2001,0,4,0,STEM,1,37,0
263,Female,2002,0,5,0,STEM,1,38,0
263,Female,2003,1,6,0,STEM,1,39,0
263,Female,2004,0,1,0,STEM,2,40,0
263,Female,2005,0,2,0,STEM,2,41,0
263,Female,2006,0,3,0,STEM,2,42,0
263,Female,2007,0,4,0,STEM,2,43,0
263,Female,2008,0,5,0,STEM,2,44,0
263,Female,2009,0,6,0,STEM,2,45,0
263,Female,2010,1,7,0,STEM,2,46,0
263,Female,2011,0,1,0,STEM,3,47,0
263,Female,2012,0,2,0,STEM,3,48,0
263,Female,2013,0,3,0,STEM,3,49,0
263,Female,2014,0,4,0,STEM,3,50,0
263,Female,2015,0,5,0,STEM,3,51,0
263,Female,2016,0,6,0,STEM,3,52,0
263,Female,2017,0,7,0,STEM,3,53,0
263,Female,2018,0,8,0,STEM,3,54,0
263,Female,2019,0,9,0,STEM,3,55,0
263,Female,2020,0,10,0,STEM,3,56,0
263,Female,2021,1,11,0,STEM,3,57,0
263,Female,2022,0,1,0,STEM,4,58,0
263,Female,2023,0,2,1,STEM,4,59,0
264,Male,2006,0,1,0,STEM,1,29,0
264,Male,2007,0,2,0,STEM,1,30,0
264,Male,2008,0,3,0,STEM,1,31,0
264,Male,2009,0,4,0,STEM,1,32,0
264,Male,2010,1,5,0,STEM,1,33,0
264,Male,2011,0,1,0,STEM,2,34,0
264,Male,2012,0,2,0,STEM,2,35,0
264,Male,2013,0,3,0,STEM,2,36,0
264,Male,2014,0,4,0,STEM,2,37,0
264,Male,2015,0,5,0,STEM,2,38,0
264,Male,2016,0,6,0,STEM,2,39,0
264,Male,2017,1,7,0,STEM,2,40,0
264,Male,2018,0,1,0,STEM,3,41,0
264,Male,2019,0,2,0,STEM,3,42,0
264,Male,2020,0,3,0,STEM,3,43,0
264,Male,2021,0,4,1,STEM,3,44,0
265,Male,1999,0,1,0,STEM,1,32,0
265,Male,2000,0,2,0,STEM,1,33,0
265,Male,2001,0,3,0,STEM,1,34,0
265,Male,2002,0,4,0,STEM,1,35,0
265,Male,2003,1,5,0,STEM,1,36,0
265,Male,2004,0,1,0,STEM,2,37,0
265,Male,2005,0,2,0,STEM,2,38,0
265,Male,2006,0,3,0,STEM,2,39,0
265,Male,2007,0,4,0,STEM,2,40,0
265,Male,2008,0,5,0,STEM,2,41,0
265,Male,2009,0,6,0,STEM,2,42,0
265,Male,2010,0,7,0,STEM,2,43,0
265,Male,2011,0,8,0,STEM,2,44,0
265,Male,2012,0,9,1,STEM,2,45,0
266,Female,1991,0,1,0,nonSTEM,1,34,0
266,Female,1992,0,2,0,nonSTEM,1,35,0
266,Female,1993,0,3,0,nonSTEM,1,36,0
266,Female,1994,0,4,0,nonSTEM,1,37,0
266,Female,1995,0,5,0,nonSTEM,1,38,0
266,Female,1996,0,6,0,nonSTEM,1,39,0
266,Female,1997,0,7,0,nonSTEM,1,40,0
266,Female,1998,1,8,0,nonSTEM,1,41,0
266,Female,1999,0,1,0,nonSTEM,2,42,0
266,Female,2000,0,2,0,nonSTEM,2,43,0
266,Female,2001,0,3,0,nonSTEM,2,44,0
266,Female,2002,0,4,0,nonSTEM,2,45,0
266,Female,2003,0,5,0,nonSTEM,2,46,0
266,Female,2004,0,6,0,nonSTEM,2,47,0
266,Female,2005,0,7,0,nonSTEM,2,48,0
266,Female,2006,1,8,0,nonSTEM,2,49,0
266,Female,2007,0,1,0,nonSTEM,3,50,0
266,Female,2008,0,2,0,nonSTEM,3,51,0
266,Female,2009,0,3,1,nonSTEM,3,52,0
267,Male,2005,0,1,0,STEM,1,32,0
267,Male,2006,0,2,0,STEM,1,33,0
267,Male,2007,0,3,0,STEM,1,34,0
267,Male,2008,0,4,0,STEM,1,35,0
267,Male,2009,1,5,0,STEM,1,36,0
267,Male,2010,0,1,1,STEM,2,37,0
268,Male,1991,0,1,0,nonSTEM,1,30,0
268,Male,1992,0,2,0,nonSTEM,1,31,0
268,Male,1993,0,3,0,nonSTEM,1,32,0
268,Male,1994,0,4,0,nonSTEM,1,33,0
268,Male,1995,0,5,0,nonSTEM,1,34,0
268,Male,1996,1,6,0,nonSTEM,1,35,0
268,Male,1997,0,1,0,nonSTEM,2,36,0
268,Male,1998,0,2,0,nonSTEM,2,37,0
268,Male,1999,0,3,0,nonSTEM,2,38,0
268,Male,2000,0,4,0,nonSTEM,2,39,0
268,Male,2001,0,5,0,nonSTEM,2,40,0
268,Male,2002,0,6,0,nonSTEM,2,41,0
268,Male,2003,0,7,0,nonSTEM,2,42,0
268,Male,2004,0,8,0,nonSTEM,2,43,0
268,Male,2005,1,9,0,nonSTEM,2,44,0
268,Male,2006,0,1,0,nonSTEM,3,45,0
268,Male,2007,0,2,0,nonSTEM,3,46,0
268,Male,2008,0,3,0,nonSTEM,3,47,0
268,Male,2009,1,4,0,nonSTEM,3,48,0
268,Male,2010,0,1,1,nonSTEM,4,49,0
269,Male,1992,0,1,0,STEM,1,33,0
269,Male,1993,0,2,0,STEM,1,34,0
269,Male,1994,0,3,0,STEM,1,35,0
269,Male,1995,0,4,0,STEM,1,36,0
269,Male,1996,0,5,0,STEM,1,37,0
269,Male,1997,1,6,1,STEM,1,38,0
270,Female,1998,0,1,0,STEM,1,29,0
270,Female,1999,0,2,0,STEM,1,30,0
270,Female,2000,0,3,0,STEM,1,31,0
270,Female,2001,0,4,0,STEM,1,32,0
270,Female,2002,1,5,0,STEM,1,33,0
270,Female,2003,0,1,0,STEM,2,34,0
270,Female,2004,1,2,0,STEM,2,35,0
270,Female,2005,0,1,0,STEM,3,36,0
270,Female,2006,0,2,0,STEM,3,37,0
270,Female,2007,0,3,1,STEM,3,38,0
271,Male,1999,1,1,0,STEM,1,27,0
271,Male,2000,0,1,0,STEM,2,28,0
271,Male,2001,0,2,0,STEM,2,29,0
271,Male,2002,0,3,0,STEM,2,30,0
271,Male,2003,0,4,0,STEM,2,31,0
271,Male,2004,0,5,0,STEM,2,32,0
271,Male,2005,1,6,0,STEM,2,33,0
271,Male,2006,0,1,0,STEM,3,34,0
271,Male,2007,0,2,0,STEM,3,35,0
271,Male,2008,0,3,0,STEM,3,36,0
271,Male,2009,0,4,1,STEM,3,37,0
272,Male,1991,0,1,0,nonSTEM,1,32,0
272,Male,1992,0,2,0,nonSTEM,1,33,0
272,Male,1993,0,3,0,nonSTEM,1,34,0
272,Male,1994,0,4,0,nonSTEM,1,35,0
272,Male,1995,1,5,0,nonSTEM,1,36,0
272,Male,1996,0,1,0,nonSTEM,2,37,0
272,Male,1997,0,2,0,nonSTEM,2,38,0
272,Male,1998,0,3,0,nonSTEM,2,39,0
272,Male,1999,0,4,0,nonSTEM,2,40,0
272,Male,2000,0,5,0,nonSTEM,2,41,0
272,Male,2001,0,6,0,nonSTEM,2,42,0
272,Male,2002,0,7,0,nonSTEM,2,43,0
272,Male,2003,0,8,0,nonSTEM,2,44,0
272,Male,2004,1,9,0,nonSTEM,2,45,0
272,Male,2005,0,1,0,nonSTEM,3,46,0
272,Male,2006,0,2,0,nonSTEM,3,47,0
272,Male,2007,0,3,0,nonSTEM,3,48,0
272,Male,2008,0,4,1,nonSTEM,3,49,0
273,Male,2013,0,1,0,STEM,1,28,0
273,Male,2014,0,2,0,STEM,1,29,0
273,Male,2015,0,3,0,STEM,1,30,0
273,Male,2016,1,4,0,STEM,1,31,0
273,Male,2017,0,1,0,STEM,2,32,0
273,Male,2018,0,2,0,STEM,2,33,0
273,Male,2019,0,3,0,STEM,2,34,0
273,Male,2020,0,4,0,STEM,2,35,0
273,Male,2021,0,5,0,STEM,2,36,0
273,Male,2022,0,6,0,STEM,2,37,0
273,Male,2023,0,7,1,STEM,2,38,0
274,Female,1992,0,1,0,STEM,1,37,0
274,Female,1993,0,2,0,STEM,1,38,0
274,Female,1994,0,3,0,STEM,1,39,0
274,Female,1995,0,4,0,STEM,1,40,0
274,Female,1996,0,5,0,STEM,1,41,0
274,Female,1997,0,6,0,STEM,1,42,0
274,Female,1998,0,7,0,STEM,1,43,0
274,Female,1999,1,8,0,STEM,1,44,0
274,Female,2000,0,1,0,STEM,2,45,0
274,Female,2001,0,2,0,STEM,2,46,0
274,Female,2002,0,3,0,STEM,2,47,0
274,Female,2003,0,4,0,STEM,2,48,0
274,Female,2004,0,5,0,STEM,2,49,0
274,Female,2005,0,6,0,STEM,2,50,0
274,Female,2006,0,7,0,STEM,2,51,0
274,Female,2007,0,8,0,STEM,2,52,0
274,Female,2008,0,9,0,STEM,2,53,0
274,Female,2009,0,10,0,STEM,2,54,0
274,Female,2010,1,11,0,STEM,2,55,0
274,Female,2011,0,1,0,STEM,3,56,0
274,Female,2012,0,2,0,STEM,3,57,0
274,Female,2013,0,3,1,STEM,3,58,0
275,Female,2012,0,1,0,STEM,1,32,0
275,Female,2013,0,2,0,STEM,1,33,0
275,Female,2014,0,3,0,STEM,1,34,0
275,Female,2015,0,4,0,STEM,1,35,0
275,Female,2016,0,5,0,STEM,1,36,0
275,Female,2017,0,6,0,STEM,1,37,0
275,Female,2018,0,7,0,STEM,1,38,0
275,Female,2019,0,8,0,STEM,1,39,0
275,Female,2020,1,9,0,STEM,1,40,0
275,Female,2021,0,1,0,STEM,2,41,0
275,Female,2022,0,2,0,STEM,2,42,0
275,Female,2023,0,3,0,STEM,2,43,0
275,Female,2024,0,4,0,STEM,2,44,0
275,Female,2025,0,5,1,STEM,2,45,0
276,Female,1999,0,1,0,STEM,1,26,0
276,Female,2000,0,2,0,STEM,1,27,0
276,Female,2001,0,3,0,STEM,1,28,0
276,Female,2002,0,4,0,STEM,1,29,0
276,Female,2003,0,5,0,STEM,1,30,0
276,Female,2004,0,6,0,STEM,1,31,0
276,Female,2005,1,7,0,STEM,1,32,0
276,Female,2006,0,1,0,STEM,2,33,0
276,Female,2007,0,2,0,STEM,2,34,0
276,Female,2008,0,3,0,STEM,2,35,0
276,Female,2009,0,4,0,STEM,2,36,0
276,Female,2010,0,5,0,STEM,2,37,0
276,Female,2011,0,6,0,STEM,2,38,0
276,Female,2012,0,7,0,STEM,2,39,0
276,Female,2013,1,8,0,STEM,2,40,0
276,Female,2014,0,1,0,STEM,3,41,0
276,Female,2015,0,2,1,STEM,3,42,0
277,Female,1994,0,1,0,nonSTEM,1,30,0
277,Female,1995,0,2,0,nonSTEM,1,31,0
277,Female,1996,0,3,0,nonSTEM,1,32,0
277,Female,1997,0,4,0,nonSTEM,1,33,0
277,Female,1998,0,5,0,nonSTEM,1,34,0
277,Female,1999,0,6,0,nonSTEM,1,35,0
277,Female,2000,0,7,0,nonSTEM,1,36,0
277,Female,2001,0,8,0,nonSTEM,1,37,0
277,Female,2002,1,9,0,nonSTEM,1,38,0
277,Female,2003,0,1,0,nonSTEM,2,39,0
277,Female,2004,0,2,0,nonSTEM,2,40,0
277,Female,2005,0,3,0,nonSTEM,2,41,0
277,Female,2006,0,4,0,nonSTEM,2,42,0
277,Female,2007,0,5,0,nonSTEM,2,43,0
277,Female,2008,0,6,0,nonSTEM,2,44,0
277,Female,2009,0,7,0,nonSTEM,2,45,0
277,Female,2010,0,8,1,nonSTEM,2,46,0
278,Male,1990,0,1,0,STEM,1,31,0
278,Male,1991,0,2,0,STEM,1,32,0
278,Male,1992,0,3,0,STEM,1,33,0
278,Male,1993,0,4,0,STEM,1,34,0
278,Male,1994,0,5,0,STEM,1,35,0
278,Male,1995,1,6,0,STEM,1,36,0
278,Male,1996,0,1,0,STEM,2,37,0
278,Male,1997,0,2,0,STEM,2,38,0
278,Male,1998,0,3,0,STEM,2,39,0
278,Male,1999,0,4,0,STEM,2,40,0
278,Male,2000,0,5,0,STEM,2,41,0
278,Male,2001,0,6,0,STEM,2,42,0
278,Male,2002,1,7,0,STEM,2,43,0
278,Male,2003,0,1,1,STEM,3,44,0
279,Male,2012,0,1,0,nonSTEM,1,33,0
279,Male,2013,0,2,0,nonSTEM,1,34,0
279,Male,2014,0,3,0,nonSTEM,1,35,0
279,Male,2015,0,4,0,nonSTEM,1,36,0
279,Male,2016,0,5,0,nonSTEM,1,37,0
279,Male,2017,0,6,0,nonSTEM,1,38,0
279,Male,2018,0,7,0,nonSTEM,1,39,0
279,Male,2019,0,8,0,nonSTEM,1,40,0
279,Male,2020,0,9,0,nonSTEM,1,41,0
279,Male,2021,0,10,0,nonSTEM,1,42,0
279,Male,2022,1,11,0,nonSTEM,1,43,0
279,Male,2023,0,1,0,nonSTEM,2,44,0
279,Male,2024,0,2,0,nonSTEM,2,45,0
279,Male,2025,0,3,1,nonSTEM,2,46,0
280,Female,1998,0,1,0,STEM,1,34,0
280,Female,1999,0,2,0,STEM,1,35,0
280,Female,2000,0,3,0,STEM,1,36,0
280,Female,2001,0,4,0,STEM,1,37,0
280,Female,2002,0,5,0,STEM,1,38,0
280,Female,2003,1,6,0,STEM,1,39,0
280,Female,2004,0,1,0,STEM,2,40,0
280,Female,2005,0,2,0,STEM,2,41,0
280,Female,2006,0,3,0,STEM,2,42,0
280,Female,2007,0,4,0,STEM,2,43,0
280,Female,2008,0,5,0,STEM,2,44,0
280,Female,2009,0,6,1,STEM,2,45,0
281,Male,2005,0,1,0,nonSTEM,1,36,0
281,Male,2006,0,2,0,nonSTEM,1,37,0
281,Male,2007,0,3,0,nonSTEM,1,38,0
281,Male,2008,0,4,0,nonSTEM,1,39,0
281,Male,2009,0,5,0,nonSTEM,1,40,0
281,Male,2010,1,6,0,nonSTEM,1,41,0
281,Male,2011,0,1,0,nonSTEM,2,42,0
281,Male,2012,0,2,0,nonSTEM,2,43,0
281,Male,2013,0,3,0,nonSTEM,2,44,0
281,Male,2014,0,4,0,nonSTEM,2,45,0
281,Male,2015,0,5,0,nonSTEM,2,46,0
281,Male,2016,0,6,0,nonSTEM,2,47,0
281,Male,2017,0,7,0,nonSTEM,2,48,0
281,Male,2018,0,8,0,nonSTEM,2,49,0
281,Male,2019,1,9,0,nonSTEM,2,50,0
281,Male,2020,0,1,0,nonSTEM,3,51,0
281,Male,2021,0,2,0,nonSTEM,3,52,0
281,Male,2022,0,3,0,nonSTEM,3,53,0
281,Male,2023,0,4,0,nonSTEM,3,54,0
281,Male,2024,0,5,0,nonSTEM,3,55,0
281,Male,2025,0,6,1,nonSTEM,3,56,0
282,Male,2012,0,1,0,STEM,1,29,0
282,Male,2013,0,2,0,STEM,1,30,0
282,Male,2014,0,3,0,STEM,1,31,0
282,Male,2015,0,4,0,STEM,1,32,0
282,Male,2016,1,5,0,STEM,1,33,0
282,Male,2017,0,1,0,STEM,2,34,0
282,Male,2018,0,2,0,STEM,2,35,0
282,Male,2019,0,3,0,STEM,2,36,0
282,Male,2020,0,4,0,STEM,2,37,0
282,Male,2021,0,5,0,STEM,2,38,0
282,Male,2022,1,6,0,STEM,2,39,0
282,Male,2023,0,1,0,STEM,3,40,0
282,Male,2024,0,2,0,STEM,3,41,0
282,Male,2025,0,3,1,STEM,3,42,0
283,Male,1990,0,1,0,STEM,1,28,0
283,Male,1991,0,2,0,STEM,1,29,0
283,Male,1992,0,3,0,STEM,1,30,0
283,Male,1993,0,4,0,STEM,1,31,0
283,Male,1994,0,5,0,STEM,1,32,0
283,Male,1995,1,6,0,STEM,1,33,0
283,Male,1996,0,1,0,STEM,2,34,0
283,Male,1997,0,2,0,STEM,2,35,0
283,Male,1998,0,3,0,STEM,2,36,0
283,Male,1999,0,4,0,STEM,2,37,0
283,Male,2000,1,5,0,STEM,2,38,0
283,Male,2001,0,1,0,STEM,3,39,0
283,Male,2002,0,2,0,STEM,3,40,0
283,Male,2003,0,3,0,STEM,3,41,0
283,Male,2004,0,4,0,STEM,3,42,0
283,Male,2005,0,5,0,STEM,3,43,0
283,Male,2006,0,6,0,STEM,3,44,0
283,Male,2007,0,7,0,STEM,3,45,0
283,Male,2008,0,8,0,STEM,3,46,0
283,Male,2009,0,9,0,STEM,3,47,0
283,Male,2010,1,10,0,STEM,3,48,0
283,Male,2011,0,1,1,STEM,4,49,0
284,Female,1990,1,1,0,STEM,1,31,0
284,Female,1991,0,1,0,STEM,2,32,0
284,Female,1992,0,2,0,STEM,2,33,0
284,Female,1993,0,3,0,STEM,2,34,0
284,Female,1994,0,4,0,STEM,2,35,0
284,Female,1995,0,5,0,STEM,2,36,0
284,Female,1996,0,6,0,STEM,2,37,0
284,Female,1997,0,7,0,STEM,2,38,0
284,Female,1998,1,8,0,STEM,2,39,0
284,Female,1999,0,1,0,STEM,3,40,0
284,Female,2000,0,2,0,STEM,3,41,0
284,Female,2001,0,3,1,STEM,3,42,0
285,Male,1998,0,1,0,nonSTEM,1,31,0
285,Male,1999,0,2,0,nonSTEM,1,32,0
285,Male,2000,0,3,0,nonSTEM,1,33,0
285,Male,2001,0,4,0,nonSTEM,1,34,0
285,Male,2002,1,5,0,nonSTEM,1,35,0
285,Male,2003,0,1,0,nonSTEM,2,36,0
285,Male,2004,0,2,0,nonSTEM,2,37,0
285,Male,2005,0,3,0,nonSTEM,2,38,0
285,Male,2006,0,4,0,nonSTEM,2,39,0
285,Male,2007,0,5,0,nonSTEM,2,40,0
285,Male,2008,0,6,0,nonSTEM,2,41,0
285,Male,2009,0,7,0,nonSTEM,2,42,0
285,Male,2010,0,8,0,nonSTEM,2,43,0
285,Male,2011,1,9,0,nonSTEM,2,44,0
285,Male,2012,1,1,0,nonSTEM,3,45,0
285,Male,2013,0,1,0,nonSTEM,4,46,0
285,Male,2014,0,2,0,nonSTEM,4,47,0
285,Male,2015,0,3,0,nonSTEM,4,48,0
285,Male,2016,0,4,1,nonSTEM,4,49,0
286,Male,2011,0,1,0,STEM,1,30,0
286,Male,2012,0,2,0,STEM,1,31,0
286,Male,2013,0,3,0,STEM,1,32,0
286,Male,2014,0,4,0,STEM,1,33,0
286,Male,2015,1,5,0,STEM,1,34,0
286,Male,2016,0,1,0,STEM,2,35,0
286,Male,2017,0,2,0,STEM,2,36,0
286,Male,2018,0,3,0,STEM,2,37,0
286,Male,2019,0,4,0,STEM,2,38,0
286,Male,2020,0,5,0,STEM,2,39,0
286,Male,2021,0,6,0,STEM,2,40,0
286,Male,2022,1,7,0,STEM,2,41,0
286,Male,2023,1,1,0,STEM,3,42,0
286,Male,2024,0,1,1,STEM,4,43,0
287,Male,2006,0,1,0,STEM,1,31,0
287,Male,2007,0,2,0,STEM,1,32,0
287,Male,2008,0,3,0,STEM,1,33,0
287,Male,2009,0,4,0,STEM,1,34,0
287,Male,2010,0,5,0,STEM,1,35,0
287,Male,2011,0,6,0,STEM,1,36,0
287,Male,2012,1,7,0,STEM,1,37,0
287,Male,2013,0,1,0,STEM,2,38,0
287,Male,2014,0,2,0,STEM,2,39,0
287,Male,2015,0,3,0,STEM,2,40,0
287,Male,2016,0,4,0,STEM,2,41,0
287,Male,2017,0,5,0,STEM,2,42,0
287,Male,2018,1,6,0,STEM,2,43,0
287,Male,2019,0,1,0,STEM,3,44,0
287,Male,2020,0,2,0,STEM,3,45,0
287,Male,2021,0,3,0,STEM,3,46,0
287,Male,2022,0,4,1,STEM,3,47,0
288,Male,1993,0,1,0,STEM,1,28,0
288,Male,1994,0,2,0,STEM,1,29,0
288,Male,1995,0,3,0,STEM,1,30,0
288,Male,1996,0,4,0,STEM,1,31,0
288,Male,1997,0,5,0,STEM,1,32,0
288,Male,1998,1,6,0,STEM,1,33,0
288,Male,1999,0,1,0,STEM,2,34,0
288,Male,2000,0,2,0,STEM,2,35,0
288,Male,2001,0,3,0,STEM,2,36,0
288,Male,2002,0,4,0,STEM,2,37,0
288,Male,2003,0,5,0,STEM,2,38,0
288,Male,2004,0,6,0,STEM,2,39,0
288,Male,2005,0,7,0,STEM,2,40,0
288,Male,2006,1,8,0,STEM,2,41,0
288,Male,2007,1,1,0,STEM,3,42,0
288,Male,2008,0,1,0,STEM,4,43,0
288,Male,2009,0,2,0,STEM,4,44,0
288,Male,2010,0,3,0,STEM,4,45,0
288,Male,2011,0,4,0,STEM,4,46,0
288,Male,2012,0,5,1,STEM,4,47,0
289,Female,2001,0,1,0,nonSTEM,1,35,0
289,Female,2002,0,2,0,nonSTEM,1,36,0
289,Female,2003,0,3,0,nonSTEM,1,37,0
289,Female,2004,0,4,0,nonSTEM,1,38,0
289,Female,2005,0,5,0,nonSTEM,1,39,0
289,Female,2006,0,6,0,nonSTEM,1,40,0
289,Female,2007,1,7,0,nonSTEM,1,41,0
289,Female,2008,0,1,0,nonSTEM,2,42,0
289,Female,2009,0,2,0,nonSTEM,2,43,0
289,Female,2010,0,3,0,nonSTEM,2,44,0
289,Female,2011,0,4,0,nonSTEM,2,45,0
289,Female,2012,0,5,0,nonSTEM,2,46,0
289,Female,2013,0,6,0,nonSTEM,2,47,0
289,Female,2014,0,7,1,nonSTEM,2,48,0
290,Male,2006,0,1,0,nonSTEM,1,37,0
290,Male,2007,0,2,0,nonSTEM,1,38,0
290,Male,2008,0,3,0,nonSTEM,1,39,0
290,Male,2009,0,4,0,nonSTEM,1,40,0
290,Male,2010,1,5,0,nonSTEM,1,41,0
290,Male,2011,0,1,0,nonSTEM,2,42,0
290,Male,2012,0,2,1,nonSTEM,2,43,0
291,Male,1999,0,1,0,STEM,1,30,0
291,Male,2000,0,2,0,STEM,1,31,0
291,Male,2001,0,3,0,STEM,1,32,0
291,Male,2002,0,4,0,STEM,1,33,0
291,Male,2003,0,5,0,STEM,1,34,0
291,Male,2004,0,6,0,STEM,1,35,0
291,Male,2005,1,7,0,STEM,1,36,0
291,Male,2006,0,1,0,STEM,2,37,0
291,Male,2007,0,2,0,STEM,2,38,0
291,Male,2008,0,3,0,STEM,2,39,0
291,Male,2009,0,4,0,STEM,2,40,0
291,Male,2010,0,5,0,STEM,2,41,0
291,Male,2011,0,6,0,STEM,2,42,0
291,Male,2012,0,7,0,STEM,2,43,0
291,Male,2013,0,8,0,STEM,2,44,0
291,Male,2014,1,9,0,STEM,2,45,0
291,Male,2015,0,1,0,STEM,3,46,0
291,Male,2016,0,2,0,STEM,3,47,0
291,Male,2017,1,3,0,STEM,3,48,0
291,Male,2018,0,1,0,STEM,4,49,0
291,Male,2019,0,2,0,STEM,4,50,0
291,Male,2020,0,3,0,STEM,4,51,0
291,Male,2021,0,4,1,STEM,4,52,0
292,Male,2013,0,1,0,STEM,1,28,0
292,Male,2014,0,2,0,STEM,1,29,0
292,Male,2015,0,3,0,STEM,1,30,0
292,Male,2016,1,4,0,STEM,1,31,0
292,Male,2017,0,1,0,STEM,2,32,0
292,Male,2018,0,2,0,STEM,2,33,0
292,Male,2019,0,3,0,STEM,2,34,0
292,Male,2020,0,4,0,STEM,2,35,0
292,Male,2021,1,5,0,STEM,2,36,0
292,Male,2022,0,1,0,STEM,3,37,0
292,Male,2023,0,2,0,STEM,3,38,0
292,Male,2024,0,3,0,STEM,3,39,0
292,Male,2025,0,4,1,STEM,3,40,0
293,Female,2001,0,1,0,STEM,1,31,0
293,Female,2002,0,2,0,STEM,1,32,0
293,Female,2003,0,3,0,STEM,1,33,0
293,Female,2004,1,4,0,STEM,1,34,0
293,Female,2005,0,1,0,STEM,2,35,0
293,Female,2006,0,2,0,STEM,2,36,0
293,Female,2007,0,3,0,STEM,2,37,0
293,Female,2008,0,4,0,STEM,2,38,0
293,Female,2009,1,5,0,STEM,2,39,0
293,Female,2010,0,1,0,STEM,3,40,0
293,Female,2011,0,2,0,STEM,3,41,0
293,Female,2012,0,3,0,STEM,3,42,0
293,Female,2013,0,4,0,STEM,3,43,0
293,Female,2014,0,5,0,STEM,3,44,0
293,Female,2015,0,6,0,STEM,3,45,0
293,Female,2016,0,7,0,STEM,3,46,0
293,Female,2017,0,8,0,STEM,3,47,0
293,Female,2018,0,9,0,STEM,3,48,0
293,Female,2019,1,10,0,STEM,3,49,0
293,Female,2020,0,1,0,STEM,4,50,0
293,Female,2021,0,2,0,STEM,4,51,0
293,Female,2022,0,3,0,STEM,4,52,0
293,Female,2023,0,4,0,STEM,4,53,0
293,Female,2024,0,5,0,STEM,4,54,0
293,Female,2025,0,6,1,STEM,4,55,0
294,Female,2006,0,1,0,STEM,1,30,0
294,Female,2007,0,2,0,STEM,1,31,0
294,Female,2008,0,3,0,STEM,1,32,0
294,Female,2009,0,4,0,STEM,1,33,0
294,Female,2010,0,5,0,STEM,1,34,0
294,Female,2011,0,6,0,STEM,1,35,0
294,Female,2012,1,7,0,STEM,1,36,0
294,Female,2013,0,1,0,STEM,2,37,0
294,Female,2014,0,2,0,STEM,2,38,0
294,Female,2015,0,3,0,STEM,2,39,0
294,Female,2016,0,4,0,STEM,2,40,0
294,Female,2017,0,5,0,STEM,2,41,0
294,Female,2018,0,6,0,STEM,2,42,0
294,Female,2019,0,7,1,STEM,2,43,0
295,Male,2009,0,1,0,STEM,1,32,0
295,Male,2010,0,2,0,STEM,1,33,0
295,Male,2011,0,3,0,STEM,1,34,0
295,Male,2012,1,4,0,STEM,1,35,0
295,Male,2013,0,1,0,STEM,2,36,0
295,Male,2014,0,2,0,STEM,2,37,0
295,Male,2015,0,3,0,STEM,2,38,0
295,Male,2016,0,4,0,STEM,2,39,0
295,Male,2017,0,5,0,STEM,2,40,0
295,Male,2018,0,6,0,STEM,2,41,0
295,Male,2019,0,7,0,STEM,2,42,0
295,Male,2020,0,8,0,STEM,2,43,0
295,Male,2021,0,9,0,STEM,2,44,0
295,Male,2022,0,10,0,STEM,2,45,0
295,Male,2023,1,11,0,STEM,2,46,0
295,Male,2024,0,1,0,STEM,3,47,0
295,Male,2025,0,2,1,STEM,3,48,0
296,Female,2014,0,1,0,STEM,1,29,0
296,Female,2015,0,2,0,STEM,1,30,0
296,Female,2016,0,3,0,STEM,1,31,0
296,Female,2017,0,4,0,STEM,1,32,0
296,Female,2018,0,5,0,STEM,1,33,0
296,Female,2019,0,6,0,STEM,1,34,0
296,Female,2020,1,7,0,STEM,1,35,0
296,Female,2021,0,1,0,STEM,2,36,0
296,Female,2022,0,2,0,STEM,2,37,0
296,Female,2023,0,3,0,STEM,2,38,0
296,Female,2024,0,4,0,STEM,2,39,0
296,Female,2025,0,5,1,STEM,2,40,0
297,Male,1994,0,1,0,STEM,1,26,0
297,Male,1995,0,2,0,STEM,1,27,0
297,Male,1996,0,3,0,STEM,1,28,0
297,Male,1997,1,4,0,STEM,1,29,0
297,Male,1998,0,1,0,STEM,2,30,0
297,Male,1999,0,2,0,STEM,2,31,0
297,Male,2000,0,3,0,STEM,2,32,0
297,Male,2001,0,4,0,STEM,2,33,0
297,Male,2002,0,5,0,STEM,2,34,0
297,Male,2003,0,6,0,STEM,2,35,0
297,Male,2004,0,7,0,STEM,2,36,0
297,Male,2005,0,8,0,STEM,2,37,0
297,Male,2006,1,9,0,STEM,2,38,0
297,Male,2007,0,1,0,STEM,3,39,0
297,Male,2008,0,2,0,STEM,3,40,0
297,Male,2009,0,3,0,STEM,3,41,0
297,Male,2010,0,4,0,STEM,3,42,0
297,Male,2011,0,5,0,STEM,3,43,0
297,Male,2012,0,6,0,STEM,3,44,0
297,Male,2013,0,7,1,STEM,3,45,0
298,Female,2010,0,1,0,nonSTEM,1,29,0
298,Female,2011,0,2,0,nonSTEM,1,30,0
298,Female,2012,0,3,0,nonSTEM,1,31,0
298,Female,2013,0,4,0,nonSTEM,1,32,0
298,Female,2014,0,5,0,nonSTEM,1,33,0
298,Female,2015,0,6,0,nonSTEM,1,34,0
298,Female,2016,0,7,0,nonSTEM,1,35,0
298,Female,2017,1,8,0,nonSTEM,1,36,0
298,Female,2018,0,1,0,nonSTEM,2,37,0
298,Female,2019,0,2,0,nonSTEM,2,38,0
298,Female,2020,0,3,0,nonSTEM,2,39,0
298,Female,2021,0,4,0,nonSTEM,2,40,0
298,Female,2022,0,5,0,nonSTEM,2,41,0
298,Female,2023,0,6,1,nonSTEM,2,42,0
299,Male,2016,0,1,0,nonSTEM,1,35,0
299,Male,2017,0,2,0,nonSTEM,1,36,0
299,Male,2018,0,3,0,nonSTEM,1,37,0
299,Male,2019,0,4,0,nonSTEM,1,38,0
299,Male,2020,0,5,0,nonSTEM,1,39,0
299,Male,2021,0,6,0,nonSTEM,1,40,0
299,Male,2022,1,7,0,nonSTEM,1,41,0
299,Male,2023,0,1,0,nonSTEM,2,42,0
299,Male,2024,0,2,0,nonSTEM,2,43,0
299,Male,2025,0,3,1,nonSTEM,2,44,0
300,Female,2008,0,1,0,STEM,1,32,0
300,Female,2009,0,2,0,STEM,1,33,0
300,Female,2010,0,3,0,STEM,1,34,0
300,Female,2011,0,4,0,STEM,1,35,0
300,Female,2012,0,5,0,STEM,1,36,0
300,Female,2013,1,6,0,STEM,1,37,0
300,Female,2014,0,1,0,STEM,2,38,0
300,Female,2015,0,2,0,STEM,2,39,0
300,Female,2016,0,3,0,STEM,2,40,0
300,Female,2017,0,4,0,STEM,2,41,0
300,Female,2018,0,5,0,STEM,2,42,0
300,Female,2019,0,6,0,STEM,2,43,0
300,Female,2020,0,7,0,STEM,2,44,0
300,Female,2021,0,8,0,STEM,2,45,0
300,Female,2022,0,9,0,STEM,2,46,0
300,Female,2023,1,10,0,STEM,2,47,0
300,Female,2024,0,1,1,STEM,3,48,0
301,Female,2016,0,1,0,nonSTEM,1,25,0
301,Female,2017,0,2,0,nonSTEM,1,26,0
301,Female,2018,0,3,0,nonSTEM,1,27,0
301,Female,2019,0,4,0,nonSTEM,1,28,0
301,Female,2020,1,5,0,nonSTEM,1,29,0
301,Female,2021,0,1,0,nonSTEM,2,30,0
301,Female,2022,0,2,0,nonSTEM,2,31,0
301,Female,2023,0,3,0,nonSTEM,2,32,0
301,Female,2024,0,4,0,nonSTEM,2,33,0
301,Female,2025,0,5,1,nonSTEM,2,34,0
302,Female,2004,0,1,0,nonSTEM,1,34,0
302,Female,2005,0,2,0,nonSTEM,1,35,0
302,Female,2006,0,3,0,nonSTEM,1,36,0
302,Female,2007,0,4,0,nonSTEM,1,37,0
302,Female,2008,1,5,0,nonSTEM,1,38,0
302,Female,2009,0,1,0,nonSTEM,2,39,0
302,Female,2010,0,2,1,nonSTEM,2,40,0
303,Male,2005,0,1,0,nonSTEM,1,31,0
303,Male,2006,0,2,0,nonSTEM,1,32,0
303,Male,2007,0,3,0,nonSTEM,1,33,0
303,Male,2008,0,4,0,nonSTEM,1,34,0
303,Male,2009,0,5,0,nonSTEM,1,35,0
303,Male,2010,0,6,0,nonSTEM,1,36,0
303,Male,2011,0,7,0,nonSTEM,1,37,0
303,Male,2012,1,8,0,nonSTEM,1,38,0
303,Male,2013,0,1,0,nonSTEM,2,39,0
303,Male,2014,0,2,0,nonSTEM,2,40,0
303,Male,2015,0,3,0,nonSTEM,2,41,0
303,Male,2016,0,4,0,nonSTEM,2,42,0
303,Male,2017,0,5,0,nonSTEM,2,43,0
303,Male,2018,0,6,0,nonSTEM,2,44,0
303,Male,2019,0,7,0,nonSTEM,2,45,0
303,Male,2020,1,8,0,nonSTEM,2,46,0
303,Male,2021,0,1,0,nonSTEM,3,47,0
303,Male,2022,0,2,0,nonSTEM,3,48,0
303,Male,2023,0,3,0,nonSTEM,3,49,0
303,Male,2024,0,4,1,nonSTEM,3,50,0
304,Female,2000,0,1,0,nonSTEM,1,37,0
304,Female,2001,0,2,0,nonSTEM,1,38,0
304,Female,2002,0,3,0,nonSTEM,1,39,0
304,Female,2003,0,4,0,nonSTEM,1,40,0
304,Female,2004,0,5,0,nonSTEM,1,41,0
304,Female,2005,0,6,0,nonSTEM,1,42,0
304,Female,2006,1,7,0,nonSTEM,1,43,0
304,Female,2007,0,1,0,nonSTEM,2,44,0
304,Female,2008,0,2,0,nonSTEM,2,45,0
304,Female,2009,0,3,0,nonSTEM,2,46,0
304,Female,2010,0,4,0,nonSTEM,2,47,0
304,Female,2011,0,5,0,nonSTEM,2,48,0
304,Female,2012,0,6,0,nonSTEM,2,49,0
304,Female,2013,0,7,0,nonSTEM,2,50,0
304,Female,2014,1,8,0,nonSTEM,2,51,0
304,Female,2015,0,1,0,nonSTEM,3,52,0
304,Female,2016,0,2,0,nonSTEM,3,53,0
304,Female,2017,0,3,0,nonSTEM,3,54,0
304,Female,2018,0,4,0,nonSTEM,3,55,0
304,Female,2019,0,5,0,nonSTEM,3,56,0
304,Female,2020,0,6,0,nonSTEM,3,57,0
304,Female,2021,0,7,0,nonSTEM,3,58,0
304,Female,2022,0,8,0,nonSTEM,3,59,0
304,Female,2023,0,9,0,nonSTEM,3,60,0
304,Female,2024,0,10,0,nonSTEM,3,61,0
304,Female,2025,0,11,1,nonSTEM,3,62,0
305,Female,2001,0,1,0,STEM,1,32,0
305,Female,2002,0,2,0,STEM,1,33,0
305,Female,2003,0,3,0,STEM,1,34,0
305,Female,2004,0,4,0,STEM,1,35,0
305,Female,2005,0,5,0,STEM,1,36,0
305,Female,2006,1,6,0,STEM,1,37,0
305,Female,2007,0,1,0,STEM,2,38,0
305,Female,2008,0,2,0,STEM,2,39,0
305,Female,2009,0,3,0,STEM,2,40,0
305,Female,2010,0,4,0,STEM,2,41,0
305,Female,2011,0,5,0,STEM,2,42,0
305,Female,2012,0,6,0,STEM,2,43,0
305,Female,2013,1,7,0,STEM,2,44,0
305,Female,2014,0,1,0,STEM,3,45,0
305,Female,2015,0,2,0,STEM,3,46,0
305,Female,2016,0,3,0,STEM,3,47,0
305,Female,2017,0,4,0,STEM,3,48,0
305,Female,2018,0,5,0,STEM,3,49,0
305,Female,2019,0,6,0,STEM,3,50,0
305,Female,2020,0,7,0,STEM,3,51,0
305,Female,2021,0,8,0,STEM,3,52,0
305,Female,2022,0,9,0,STEM,3,53,0
305,Female,2023,0,10,0,STEM,3,54,0
305,Female,2024,0,11,0,STEM,3,55,0
305,Female,2025,1,12,1,STEM,3,56,0
306,Male,1991,0,1,0,nonSTEM,1,25,0
306,Male,1992,0,2,0,nonSTEM,1,26,0
306,Male,1993,0,3,0,nonSTEM,1,27,0
306,Male,1994,0,4,0,nonSTEM,1,28,0
306,Male,1995,1,5,0,nonSTEM,1,29,0
306,Male,1996,0,1,0,nonSTEM,2,30,0
306,Male,1997,0,2,1,nonSTEM,2,31,0
307,Male,2008,0,1,0,nonSTEM,1,30,0
307,Male,2009,0,2,0,nonSTEM,1,31,0
307,Male,2010,0,3,0,nonSTEM,1,32,0
307,Male,2011,0,4,0,nonSTEM,1,33,0
307,Male,2012,1,5,1,nonSTEM,1,34,0
308,Male,2010,0,1,0,nonSTEM,1,35,0
308,Male,2011,0,2,0,nonSTEM,1,36,0
308,Male,2012,0,3,0,nonSTEM,1,37,0
308,Male,2013,0,4,0,nonSTEM,1,38,0
308,Male,2014,0,5,0,nonSTEM,1,39,0
308,Male,2015,1,6,0,nonSTEM,1,40,0
308,Male,2016,0,1,0,nonSTEM,2,41,0
308,Male,2017,0,2,0,nonSTEM,2,42,0
308,Male,2018,0,3,0,nonSTEM,2,43,0
308,Male,2019,0,4,0,nonSTEM,2,44,0
308,Male,2020,0,5,0,nonSTEM,2,45,0
308,Male,2021,0,6,0,nonSTEM,2,46,0
308,Male,2022,0,7,0,nonSTEM,2,47,0
308,Male,2023,1,8,0,nonSTEM,2,48,0
308,Male,2024,0,1,0,nonSTEM,3,49,0
308,Male,2025,1,2,1,nonSTEM,3,50,0
309,Female,2002,0,1,0,STEM,1,30,0
309,Female,2003,0,2,0,STEM,1,31,0
309,Female,2004,0,3,0,STEM,1,32,0
309,Female,2005,0,4,0,STEM,1,33,0
309,Female,2006,0,5,0,STEM,1,34,0
309,Female,2007,1,6,0,STEM,1,35,0
309,Female,2008,0,1,0,STEM,2,36,0
309,Female,2009,0,2,0,STEM,2,37,0
309,Female,2010,0,3,0,STEM,2,38,0
309,Female,2011,0,4,0,STEM,2,39,0
309,Female,2012,0,5,0,STEM,2,40,0
309,Female,2013,0,6,0,STEM,2,41,0
309,Female,2014,0,7,0,STEM,2,42,0
309,Female,2015,0,8,0,STEM,2,43,0
309,Female,2016,0,9,0,STEM,2,44,0
309,Female,2017,1,10,0,STEM,2,45,0
309,Female,2018,0,1,0,STEM,3,46,0
309,Female,2019,0,2,0,STEM,3,47,0
309,Female,2020,0,3,0,STEM,3,48,0
309,Female,2021,0,4,0,STEM,3,49,0
309,Female,2022,0,5,0,STEM,3,50,0
309,Female,2023,0,6,0,STEM,3,51,0
309,Female,2024,0,7,0,STEM,3,52,0
309,Female,2025,0,8,1,STEM,3,53,0
310,Male,1994,0,1,0,STEM,1,29,0
310,Male,1995,0,2,0,STEM,1,30,0
310,Male,1996,1,3,0,STEM,1,31,0
310,Male,1997,0,1,0,STEM,2,32,0
310,Male,1998,0,2,0,STEM,2,33,0
310,Male,1999,1,3,0,STEM,2,34,0
310,Male,2000,0,1,0,STEM,3,35,0
310,Male,2001,0,2,0,STEM,3,36,0
310,Male,2002,0,3,0,STEM,3,37,0
310,Male,2003,0,4,0,STEM,3,38,0
310,Male,2004,0,5,0,STEM,3,39,0
310,Male,2005,0,6,0,STEM,3,40,0
310,Male,2006,0,7,0,STEM,3,41,0
310,Male,2007,0,8,0,STEM,3,42,0
310,Male,2008,0,9,0,STEM,3,43,0
310,Male,2009,0,10,0,STEM,3,44,0
310,Male,2010,1,11,0,STEM,3,45,0
310,Male,2011,0,1,0,STEM,4,46,0
310,Male,2012,0,2,1,STEM,4,47,0
311,Male,2008,0,1,0,nonSTEM,1,33,0
311,Male,2009,0,2,0,nonSTEM,1,34,0
311,Male,2010,0,3,0,nonSTEM,1,35,0
311,Male,2011,0,4,0,nonSTEM,1,36,0
311,Male,2012,0,5,0,nonSTEM,1,37,0
311,Male,2013,0,6,0,nonSTEM,1,38,0
311,Male,2014,1,7,0,nonSTEM,1,39,0
311,Male,2015,0,1,0,nonSTEM,2,40,0
311,Male,2016,0,2,0,nonSTEM,2,41,0
311,Male,2017,0,3,0,nonSTEM,2,42,0
311,Male,2018,0,4,0,nonSTEM,2,43,0
311,Male,2019,0,5,0,nonSTEM,2,44,0
311,Male,2020,0,6,0,nonSTEM,2,45,0
311,Male,2021,1,7,0,nonSTEM,2,46,0
311,Male,2022,0,1,0,nonSTEM,3,47,0
311,Male,2023,0,2,0,nonSTEM,3,48,0
311,Male,2024,0,3,1,nonSTEM,3,49,0
312,Male,1995,0,1,0,STEM,1,34,0
312,Male,1996,0,2,0,STEM,1,35,0
312,Male,1997,0,3,0,STEM,1,36,0
312,Male,1998,1,4,0,STEM,1,37,0
312,Male,1999,0,1,0,STEM,2,38,0
312,Male,2000,0,2,0,STEM,2,39,0
312,Male,2001,0,3,0,STEM,2,40,0
312,Male,2002,0,4,0,STEM,2,41,0
312,Male,2003,0,5,0,STEM,2,42,0
312,Male,2004,0,6,0,STEM,2,43,0
312,Male,2005,0,7,0,STEM,2,44,0
312,Male,2006,0,8,0,STEM,2,45,0
312,Male,2007,0,9,0,STEM,2,46,0
312,Male,2008,0,10,0,STEM,2,47,0
312,Male,2009,1,11,0,STEM,2,48,0
312,Male,2010,0,1,0,STEM,3,49,0
312,Male,2011,0,2,0,STEM,3,50,0
312,Male,2012,0,3,0,STEM,3,51,0
312,Male,2013,0,4,0,STEM,3,52,0
312,Male,2014,0,5,0,STEM,3,53,0
312,Male,2015,0,6,0,STEM,3,54,0
312,Male,2016,0,7,0,STEM,3,55,0
312,Male,2017,0,8,0,STEM,3,56,0
312,Male,2018,0,9,0,STEM,3,57,0
312,Male,2019,1,10,0,STEM,3,58,0
312,Male,2020,0,1,0,STEM,4,59,0
312,Male,2021,0,2,1,STEM,4,60,0
313,Female,2011,0,1,0,nonSTEM,1,37,0
313,Female,2012,0,2,0,nonSTEM,1,38,0
313,Female,2013,0,3,0,nonSTEM,1,39,0
313,Female,2014,0,4,0,nonSTEM,1,40,0
313,Female,2015,1,5,0,nonSTEM,1,41,0
313,Female,2016,1,1,0,nonSTEM,2,42,0
313,Female,2017,0,1,0,nonSTEM,3,43,0
313,Female,2018,0,2,0,nonSTEM,3,44,0
313,Female,2019,0,3,0,nonSTEM,3,45,0
313,Female,2020,0,4,0,nonSTEM,3,46,0
313,Female,2021,0,5,0,nonSTEM,3,47,0
313,Female,2022,0,6,0,nonSTEM,3,48,0
313,Female,2023,0,7,0,nonSTEM,3,49,0
313,Female,2024,1,8,0,nonSTEM,3,50,0
313,Female,2025,0,1,1,nonSTEM,4,51,0
314,Female,1994,0,1,0,nonSTEM,1,31,0
314,Female,1995,0,2,0,nonSTEM,1,32,0
314,Female,1996,0,3,0,nonSTEM,1,33,0
314,Female,1997,0,4,0,nonSTEM,1,34,0
314,Female,1998,0,5,0,nonSTEM,1,35,0
314,Female,1999,0,6,0,nonSTEM,1,36,0
314,Female,2000,0,7,0,nonSTEM,1,37,0
314,Female,2001,1,8,0,nonSTEM,1,38,0
314,Female,2002,1,1,0,nonSTEM,2,39,0
314,Female,2003,0,1,0,nonSTEM,3,40,0
314,Female,2004,0,2,0,nonSTEM,3,41,0
314,Female,2005,0,3,0,nonSTEM,3,42,0
314,Female,2006,0,4,0,nonSTEM,3,43,0
314,Female,2007,0,5,0,nonSTEM,3,44,0
314,Female,2008,0,6,0,nonSTEM,3,45,0
314,Female,2009,0,7,1,nonSTEM,3,46,0
315,Male,2015,0,1,0,STEM,1,36,0
315,Male,2016,0,2,0,STEM,1,37,0
315,Male,2017,0,3,0,STEM,1,38,0
315,Male,2018,0,4,0,STEM,1,39,0
315,Male,2019,1,5,0,STEM,1,40,0
315,Male,2020,1,1,0,STEM,2,41,0
315,Male,2021,0,1,0,STEM,3,42,0
315,Male,2022,0,2,0,STEM,3,43,0
315,Male,2023,0,3,1,STEM,3,44,0
316,Female,2013,0,1,0,STEM,1,29,0
316,Female,2014,0,2,0,STEM,1,30,0
316,Female,2015,0,3,0,STEM,1,31,0
316,Female,2016,1,4,0,STEM,1,32,0
316,Female,2017,0,1,0,STEM,2,33,0
316,Female,2018,0,2,0,STEM,2,34,0
316,Female,2019,0,3,0,STEM,2,35,0
316,Female,2020,0,4,0,STEM,2,36,0
316,Female,2021,0,5,0,STEM,2,37,0
316,Female,2022,0,6,1,STEM,2,38,0
317,Male,1993,0,1,0,STEM,1,40,0
317,Male,1994,0,2,0,STEM,1,41,0
317,Male,1995,0,3,0,STEM,1,42,0
317,Male,1996,0,4,0,STEM,1,43,0
317,Male,1997,1,5,0,STEM,1,44,0
317,Male,1998,0,1,0,STEM,2,45,0
317,Male,1999,0,2,0,STEM,2,46,0
317,Male,2000,0,3,0,STEM,2,47,0
317,Male,2001,0,4,0,STEM,2,48,0
317,Male,2002,0,5,0,STEM,2,49,0
317,Male,2003,0,6,0,STEM,2,50,0
317,Male,2004,0,7,0,STEM,2,51,0
317,Male,2005,1,8,0,STEM,2,52,0
317,Male,2006,0,1,0,STEM,3,53,0
317,Male,2007,0,2,0,STEM,3,54,0
317,Male,2008,0,3,0,STEM,3,55,0
317,Male,2009,0,4,0,STEM,3,56,0
317,Male,2010,0,5,0,STEM,3,57,0
317,Male,2011,0,6,0,STEM,3,58,0
317,Male,2012,0,7,0,STEM,3,59,0
317,Male,2013,0,8,0,STEM,3,60,0
317,Male,2014,0,9,1,STEM,3,61,0
318,Male,2006,0,1,0,nonSTEM,1,31,0
318,Male,2007,0,2,0,nonSTEM,1,32,0
318,Male,2008,0,3,0,nonSTEM,1,33,0
318,Male,2009,1,4,0,nonSTEM,1,34,0
318,Male,2010,0,1,0,nonSTEM,2,35,0
318,Male,2011,0,2,0,nonSTEM,2,36,0
318,Male,2012,1,3,0,nonSTEM,2,37,0
318,Male,2013,0,1,0,nonSTEM,3,38,0
318,Male,2014,0,2,0,nonSTEM,3,39,0
318,Male,2015,0,3,0,nonSTEM,3,40,0
318,Male,2016,0,4,0,nonSTEM,3,41,0
318,Male,2017,0,5,0,nonSTEM,3,42,0
318,Male,2018,0,6,0,nonSTEM,3,43,0
318,Male,2019,0,7,0,nonSTEM,3,44,0
318,Male,2020,0,8,1,nonSTEM,3,45,0
319,Female,1994,0,1,0,STEM,1,32,0
319,Female,1995,0,2,0,STEM,1,33,0
319,Female,1996,0,3,0,STEM,1,34,0
319,Female,1997,0,4,0,STEM,1,35,0
319,Female,1998,0,5,0,STEM,1,36,0
319,Female,1999,0,6,0,STEM,1,37,0
319,Female,2000,1,7,1,STEM,1,38,0
320,Female,2002,0,1,0,nonSTEM,1,34,0
320,Female,2003,0,2,0,nonSTEM,1,35,0
320,Female,2004,0,3,0,nonSTEM,1,36,0
320,Female,2005,0,4,0,nonSTEM,1,37,0
320,Female,2006,0,5,0,nonSTEM,1,38,0
320,Female,2007,1,6,0,nonSTEM,1,39,0
320,Female,2008,1,1,0,nonSTEM,2,40,0
320,Female,2009,0,1,0,nonSTEM,3,41,0
320,Female,2010,0,2,0,nonSTEM,3,42,0
320,Female,2011,0,3,1,nonSTEM,3,43,0
321,Male,2012,0,1,0,STEM,1,30,0
321,Male,2013,0,2,0,STEM,1,31,0
321,Male,2014,0,3,0,STEM,1,32,0
321,Male,2015,0,4,0,STEM,1,33,0
321,Male,2016,0,5,0,STEM,1,34,0
321,Male,2017,1,6,1,STEM,1,35,0
322,Male,2007,0,1,0,STEM,1,25,0
322,Male,2008,0,2,0,STEM,1,26,0
322,Male,2009,0,3,0,STEM,1,27,0
322,Male,2010,1,4,0,STEM,1,28,0
322,Male,2011,0,1,0,STEM,2,29,0
322,Male,2012,0,2,0,STEM,2,30,0
322,Male,2013,0,3,0,STEM,2,31,0
322,Male,2014,0,4,0,STEM,2,32,0
322,Male,2015,0,5,0,STEM,2,33,0
322,Male,2016,0,6,0,STEM,2,34,0
322,Male,2017,1,7,0,STEM,2,35,0
322,Male,2018,0,1,0,STEM,3,36,0
322,Male,2019,0,2,0,STEM,3,37,0
322,Male,2020,0,3,0,STEM,3,38,0
322,Male,2021,0,4,0,STEM,3,39,0
322,Male,2022,0,5,0,STEM,3,40,0
322,Male,2023,0,6,0,STEM,3,41,0
322,Male,2024,0,7,0,STEM,3,42,0
322,Male,2025,0,8,1,STEM,3,43,0
323,Female,2016,0,1,0,STEM,1,29,0
323,Female,2017,0,2,0,STEM,1,30,0
323,Female,2018,0,3,0,STEM,1,31,0
323,Female,2019,0,4,0,STEM,1,32,0
323,Female,2020,0,5,0,STEM,1,33,0
323,Female,2021,0,6,0,STEM,1,34,0
323,Female,2022,1,7,0,STEM,1,35,0
323,Female,2023,0,1,0,STEM,2,36,0
323,Female,2024,0,2,0,STEM,2,37,0
323,Female,2025,0,3,1,STEM,2,38,0
324,Female,2016,0,1,0,STEM,1,34,0
324,Female,2017,0,2,0,STEM,1,35,0
324,Female,2018,0,3,0,STEM,1,36,0
324,Female,2019,0,4,0,STEM,1,37,0
324,Female,2020,0,5,0,STEM,1,38,0
324,Female,2021,0,6,0,STEM,1,39,0
324,Female,2022,1,7,0,STEM,1,40,0
324,Female,2023,0,1,0,STEM,2,41,0
324,Female,2024,0,2,0,STEM,2,42,0
324,Female,2025,0,3,1,STEM,2,43,0
325,Male,1996,0,1,0,STEM,1,28,0
325,Male,1997,0,2,0,STEM,1,29,0
325,Male,1998,0,3,0,STEM,1,30,0
325,Male,1999,1,4,0,STEM,1,31,0
325,Male,2000,0,1,0,STEM,2,32,0
325,Male,2001,0,2,0,STEM,2,33,0
325,Male,2002,0,3,1,STEM,2,34,0
326,Female,2002,0,1,0,nonSTEM,1,30,0
326,Female,2003,0,2,0,nonSTEM,1,31,0
326,Female,2004,0,3,0,nonSTEM,1,32,0
326,Female,2005,0,4,0,nonSTEM,1,33,0
326,Female,2006,1,5,0,nonSTEM,1,34,0
326,Female,2007,0,1,0,nonSTEM,2,35,0
326,Female,2008,0,2,0,nonSTEM,2,36,0
326,Female,2009,0,3,0,nonSTEM,2,37,0
326,Female,2010,0,4,0,nonSTEM,2,38,0
326,Female,2011,0,5,0,nonSTEM,2,39,0
326,Female,2012,0,6,0,nonSTEM,2,40,0
326,Female,2013,0,7,0,nonSTEM,2,41,0
326,Female,2014,0,8,0,nonSTEM,2,42,0
326,Female,2015,0,9,0,nonSTEM,2,43,0
326,Female,2016,0,10,0,nonSTEM,2,44,0
326,Female,2017,0,11,0,nonSTEM,2,45,0
326,Female,2018,1,12,0,nonSTEM,2,46,0
326,Female,2019,0,1,0,nonSTEM,3,47,0
326,Female,2020,0,2,1,nonSTEM,3,48,0
327,Female,2002,0,1,0,STEM,1,33,0
327,Female,2003,0,2,0,STEM,1,34,0
327,Female,2004,0,3,0,STEM,1,35,0
327,Female,2005,1,4,0,STEM,1,36,0
327,Female,2006,1,1,0,STEM,2,37,0
327,Female,2007,0,1,0,STEM,3,38,0
327,Female,2008,0,2,0,STEM,3,39,0
327,Female,2009,0,3,0,STEM,3,40,0
327,Female,2010,1,4,0,STEM,3,41,0
327,Female,2011,0,1,0,STEM,4,42,0
327,Female,2012,0,2,0,STEM,4,43,0
327,Female,2013,0,3,0,STEM,4,44,0
327,Female,2014,0,4,0,STEM,4,45,0
327,Female,2015,0,5,0,STEM,4,46,0
327,Female,2016,0,6,0,STEM,4,47,0
327,Female,2017,0,7,0,STEM,4,48,0
327,Female,2018,0,8,0,STEM,4,49,0
327,Female,2019,0,9,0,STEM,4,50,0
327,Female,2020,0,10,0,STEM,4,51,0
327,Female,2021,0,11,0,STEM,4,52,0
327,Female,2022,0,12,1,STEM,4,53,0
328,Male,2009,0,1,0,nonSTEM,1,33,0
328,Male,2010,0,2,0,nonSTEM,1,34,0
328,Male,2011,0,3,0,nonSTEM,1,35,0
328,Male,2012,0,4,0,nonSTEM,1,36,0
328,Male,2013,0,5,0,nonSTEM,1,37,0
328,Male,2014,1,6,0,nonSTEM,1,38,0
328,Male,2015,0,1,0,nonSTEM,2,39,0
328,Male,2016,0,2,0,nonSTEM,2,40,0
328,Male,2017,0,3,0,nonSTEM,2,41,0
328,Male,2018,0,4,0,nonSTEM,2,42,0
328,Male,2019,0,5,0,nonSTEM,2,43,0
328,Male,2020,0,6,0,nonSTEM,2,44,0
328,Male,2021,0,7,0,nonSTEM,2,45,0
328,Male,2022,0,8,0,nonSTEM,2,46,0
328,Male,2023,0,9,0,nonSTEM,2,47,0
328,Male,2024,0,10,0,nonSTEM,2,48,0
328,Male,2025,1,11,1,nonSTEM,2,49,0
329,Female,2010,0,1,0,nonSTEM,1,31,0
329,Female,2011,0,2,0,nonSTEM,1,32,0
329,Female,2012,0,3,0,nonSTEM,1,33,0
329,Female,2013,0,4,0,nonSTEM,1,34,0
329,Female,2014,0,5,1,nonSTEM,1,35,0
330,Male,1997,0,1,0,nonSTEM,1,36,0
330,Male,1998,0,2,0,nonSTEM,1,37,0
330,Male,1999,0,3,0,nonSTEM,1,38,0
330,Male,2000,0,4,0,nonSTEM,1,39,0
330,Male,2001,1,5,0,nonSTEM,1,40,0
330,Male,2002,0,1,0,nonSTEM,2,41,0
330,Male,2003,0,2,0,nonSTEM,2,42,0
330,Male,2004,0,3,0,nonSTEM,2,43,0
330,Male,2005,0,4,0,nonSTEM,2,44,0
330,Male,2006,0,5,0,nonSTEM,2,45,0
330,Male,2007,0,6,0,nonSTEM,2,46,0
330,Male,2008,0,7,0,nonSTEM,2,47,0
330,Male,2009,0,8,0,nonSTEM,2,48,0
330,Male,2010,0,9,0,nonSTEM,2,49,0
330,Male,2011,1,10,0,nonSTEM,2,50,0
330,Male,2012,0,1,0,nonSTEM,3,51,0
330,Male,2013,0,2,0,nonSTEM,3,52,0
330,Male,2014,0,3,0,nonSTEM,3,53,0
330,Male,2015,0,4,0,nonSTEM,3,54,0
330,Male,2016,0,5,0,nonSTEM,3,55,0
330,Male,2017,0,6,0,nonSTEM,3,56,0
330,Male,2018,0,7,0,nonSTEM,3,57,0
330,Male,2019,0,8,0,nonSTEM,3,58,0
330,Male,2020,0,9,0,nonSTEM,3,59,0
330,Male,2021,0,10,0,nonSTEM,3,60,0
330,Male,2022,0,11,0,nonSTEM,3,61,0
330,Male,2023,1,12,0,nonSTEM,3,62,0
330,Male,2024,0,1,0,nonSTEM,4,63,0
330,Male,2025,0,2,1,nonSTEM,4,64,0
331,Male,2005,0,1,0,STEM,1,29,0
331,Male,2006,0,2,0,STEM,1,30,0
331,Male,2007,0,3,0,STEM,1,31,0
331,Male,2008,0,4,0,STEM,1,32,0
331,Male,2009,0,5,0,STEM,1,33,0
331,Male,2010,0,6,0,STEM,1,34,0
331,Male,2011,0,7,1,STEM,1,35,0
332,Male,2009,0,1,0,nonSTEM,1,30,0
332,Male,2010,0,2,0,nonSTEM,1,31,0
332,Male,2011,0,3,0,nonSTEM,1,32,0
332,Male,2012,0,4,0,nonSTEM,1,33,0
332,Male,2013,0,5,0,nonSTEM,1,34,0
332,Male,2014,0,6,0,nonSTEM,1,35,0
332,Male,2015,0,7,0,nonSTEM,1,36,0
332,Male,2016,1,8,0,nonSTEM,1,37,0
332,Male,2017,0,1,0,nonSTEM,2,38,0
332,Male,2018,0,2,0,nonSTEM,2,39,0
332,Male,2019,0,3,0,nonSTEM,2,40,0
332,Male,2020,0,4,0,nonSTEM,2,41,0
332,Male,2021,0,5,0,nonSTEM,2,42,0
332,Male,2022,0,6,1,nonSTEM,2,43,0
333,Male,1993,0,1,0,STEM,1,29,0
333,Male,1994,0,2,0,STEM,1,30,0
333,Male,1995,0,3,0,STEM,1,31,0
333,Male,1996,0,4,0,STEM,1,32,0
333,Male,1997,1,5,0,STEM,1,33,0
333,Male,1998,0,1,0,STEM,2,34,0
333,Male,1999,0,2,0,STEM,2,35,0
333,Male,2000,0,3,0,STEM,2,36,0
333,Male,2001,0,4,0,STEM,2,37,0
333,Male,2002,0,5,0,STEM,2,38,0
333,Male,2003,0,6,0,STEM,2,39,0
333,Male,2004,0,7,0,STEM,2,40,0
333,Male,2005,0,8,0,STEM,2,41,0
333,Male,2006,1,9,0,STEM,2,42,0
333,Male,2007,0,1,0,STEM,3,43,0
333,Male,2008,0,2,0,STEM,3,44,0
333,Male,2009,0,3,1,STEM,3,45,0
334,Female,2008,0,1,0,STEM,1,32,0
334,Female,2009,0,2,0,STEM,1,33,0
334,Female,2010,0,3,0,STEM,1,34,0
334,Female,2011,0,4,0,STEM,1,35,0
334,Female,2012,0,5,0,STEM,1,36,0
334,Female,2013,1,6,0,STEM,1,37,0
334,Female,2014,0,1,0,STEM,2,38,0
334,Female,2015,0,2,0,STEM,2,39,0
334,Female,2016,0,3,0,STEM,2,40,0
334,Female,2017,0,4,0,STEM,2,41,0
334,Female,2018,1,5,0,STEM,2,42,0
334,Female,2019,0,1,0,STEM,3,43,0
334,Female,2020,0,2,0,STEM,3,44,0
334,Female,2021,0,3,0,STEM,3,45,0
334,Female,2022,0,4,0,STEM,3,46,0
334,Female,2023,0,5,0,STEM,3,47,0
334,Female,2024,0,6,0,STEM,3,48,0
334,Female,2025,0,7,1,STEM,3,49,0
335,Male,2003,0,1,0,nonSTEM,1,33,0
335,Male,2004,0,2,0,nonSTEM,1,34,0
335,Male,2005,0,3,0,nonSTEM,1,35,0
335,Male,2006,0,4,0,nonSTEM,1,36,0
335,Male,2007,0,5,0,nonSTEM,1,37,0
335,Male,2008,0,6,0,nonSTEM,1,38,0
335,Male,2009,0,7,0,nonSTEM,1,39,0
335,Male,2010,0,8,0,nonSTEM,1,40,0
335,Male,2011,0,9,0,nonSTEM,1,41,0
335,Male,2012,1,10,0,nonSTEM,1,42,0
335,Male,2013,1,1,0,nonSTEM,2,43,0
335,Male,2014,0,1,0,nonSTEM,3,44,0
335,Male,2015,0,2,1,nonSTEM,3,45,0
336,Male,2015,0,1,0,STEM,1,30,0
336,Male,2016,0,2,0,STEM,1,31,0
336,Male,2017,0,3,0,STEM,1,32,0
336,Male,2018,0,4,0,STEM,1,33,0
336,Male,2019,0,5,0,STEM,1,34,0
336,Male,2020,1,6,0,STEM,1,35,0
336,Male,2021,0,1,0,STEM,2,36,0
336,Male,2022,0,2,0,STEM,2,37,0
336,Male,2023,0,3,0,STEM,2,38,0
336,Male,2024,0,4,0,STEM,2,39,0
336,Male,2025,0,5,1,STEM,2,40,0
337,Female,1996,0,1,0,STEM,1,33,0
337,Female,1997,0,2,0,STEM,1,34,0
337,Female,1998,0,3,0,STEM,1,35,0
337,Female,1999,0,4,0,STEM,1,36,0
337,Female,2000,0,5,0,STEM,1,37,0
337,Female,2001,1,6,0,STEM,1,38,0
337,Female,2002,0,1,0,STEM,2,39,0
337,Female,2003,0,2,0,STEM,2,40,0
337,Female,2004,0,3,0,STEM,2,41,0
337,Female,2005,0,4,0,STEM,2,42,0
337,Female,2006,0,5,0,STEM,2,43,0
337,Female,2007,0,6,0,STEM,2,44,0
337,Female,2008,1,7,0,STEM,2,45,0
337,Female,2009,0,1,0,STEM,3,46,0
337,Female,2010,0,2,0,STEM,3,47,0
337,Female,2011,0,3,0,STEM,3,48,0
337,Female,2012,0,4,0,STEM,3,49,0
337,Female,2013,0,5,0,STEM,3,50,0
337,Female,2014,0,6,0,STEM,3,51,0
337,Female,2015,0,7,0,STEM,3,52,0
337,Female,2016,0,8,0,STEM,3,53,0
337,Female,2017,0,9,0,STEM,3,54,0
337,Female,2018,0,10,0,STEM,3,55,0
337,Female,2019,0,11,0,STEM,3,56,0
337,Female,2020,0,12,0,STEM,3,57,0
337,Female,2021,0,13,1,STEM,3,58,0
338,Male,2008,0,1,0,STEM,1,31,0
338,Male,2009,0,2,0,STEM,1,32,0
338,Male,2010,0,3,0,STEM,1,33,0
338,Male,2011,0,4,0,STEM,1,34,0
338,Male,2012,0,5,0,STEM,1,35,0
338,Male,2013,0,6,0,STEM,1,36,0
338,Male,2014,0,7,0,STEM,1,37,0
338,Male,2015,0,8,0,STEM,1,38,0
338,Male,2016,1,9,0,STEM,1,39,0
338,Male,2017,0,1,0,STEM,2,40,0
338,Male,2018,1,2,0,STEM,2,41,0
338,Male,2019,0,1,0,STEM,3,42,0
338,Male,2020,0,2,0,STEM,3,43,0
338,Male,2021,0,3,0,STEM,3,44,0
338,Male,2022,0,4,0,STEM,3,45,0
338,Male,2023,0,5,0,STEM,3,46,0
338,Male,2024,0,6,0,STEM,3,47,0
338,Male,2025,1,7,1,STEM,3,48,0
339,Male,1996,0,1,0,STEM,1,26,0
339,Male,1997,0,2,0,STEM,1,27,0
339,Male,1998,0,3,0,STEM,1,28,0
339,Male,1999,0,4,0,STEM,1,29,0
339,Male,2000,1,5,0,STEM,1,30,0
339,Male,2001,0,1,0,STEM,2,31,0
339,Male,2002,0,2,0,STEM,2,32,0
339,Male,2003,0,3,0,STEM,2,33,0
339,Male,2004,0,4,0,STEM,2,34,0
339,Male,2005,0,5,0,STEM,2,35,0
339,Male,2006,1,6,0,STEM,2,36,0
339,Male,2007,0,1,0,STEM,3,37,0
339,Male,2008,0,2,0,STEM,3,38,0
339,Male,2009,0,3,0,STEM,3,39,0
339,Male,2010,0,4,0,STEM,3,40,0
339,Male,2011,0,5,0,STEM,3,41,0
339,Male,2012,0,6,0,STEM,3,42,0
339,Male,2013,0,7,0,STEM,3,43,0
339,Male,2014,0,8,0,STEM,3,44,0
339,Male,2015,0,9,1,STEM,3,45,0
340,Male,2005,0,1,0,STEM,1,28,0
340,Male,2006,0,2,0,STEM,1,29,0
340,Male,2007,1,3,0,STEM,1,30,0
340,Male,2008,0,1,0,STEM,2,31,0
340,Male,2009,0,2,0,STEM,2,32,0
340,Male,2010,0,3,0,STEM,2,33,0
340,Male,2011,0,4,0,STEM,2,34,0
340,Male,2012,0,5,0,STEM,2,35,0
340,Male,2013,1,6,0,STEM,2,36,0
340,Male,2014,0,1,0,STEM,3,37,0
340,Male,2015,0,2,0,STEM,3,38,0
340,Male,2016,0,3,0,STEM,3,39,0
340,Male,2017,0,4,0,STEM,3,40,0
340,Male,2018,0,5,0,STEM,3,41,0
340,Male,2019,0,6,0,STEM,3,42,0
340,Male,2020,0,7,0,STEM,3,43,0
340,Male,2021,0,8,0,STEM,3,44,0
340,Male,2022,0,9,0,STEM,3,45,0
340,Male,2023,0,10,0,STEM,3,46,0
340,Male,2024,1,11,0,STEM,3,47,0
340,Male,2025,0,1,1,STEM,4,48,0
341,Female,1991,0,1,0,STEM,1,35,0
341,Female,1992,0,2,0,STEM,1,36,0
341,Female,1993,0,3,0,STEM,1,37,0
341,Female,1994,1,4,0,STEM,1,38,0
341,Female,1995,0,1,0,STEM,2,39,0
341,Female,1996,0,2,0,STEM,2,40,0
341,Female,1997,0,3,0,STEM,2,41,0
341,Female,1998,0,4,0,STEM,2,42,0
341,Female,1999,0,5,0,STEM,2,43,0
341,Female,2000,0,6,0,STEM,2,44,0
341,Female,2001,0,7,0,STEM,2,45,0
341,Female,2002,0,8,0,STEM,2,46,0
341,Female,2003,1,9,0,STEM,2,47,0
341,Female,2004,0,1,0,STEM,3,48,0
341,Female,2005,0,2,0,STEM,3,49,0
341,Female,2006,0,3,0,STEM,3,50,0
341,Female,2007,0,4,0,STEM,3,51,0
341,Female,2008,0,5,0,STEM,3,52,0
341,Female,2009,0,6,0,STEM,3,53,0
341,Female,2010,0,7,0,STEM,3,54,0
341,Female,2011,0,8,1,STEM,3,55,0
342,Male,2009,0,1,0,STEM,1,27,0
342,Male,2010,0,2,0,STEM,1,28,0
342,Male,2011,0,3,0,STEM,1,29,0
342,Male,2012,0,4,0,STEM,1,30,0
342,Male,2013,0,5,0,STEM,1,31,0
342,Male,2014,0,6,0,STEM,1,32,0
342,Male,2015,0,7,0,STEM,1,33,0
342,Male,2016,0,8,0,STEM,1,34,0
342,Male,2017,1,9,0,STEM,1,35,0
342,Male,2018,0,1,0,STEM,2,36,0
342,Male,2019,0,2,0,STEM,2,37,0
342,Male,2020,1,3,0,STEM,2,38,0
342,Male,2021,0,1,1,STEM,3,39,0
343,Female,2010,0,1,0,nonSTEM,1,32,0
343,Female,2011,0,2,0,nonSTEM,1,33,0
343,Female,2012,0,3,0,nonSTEM,1,34,0
343,Female,2013,0,4,0,nonSTEM,1,35,0
343,Female,2014,0,5,0,nonSTEM,1,36,0
343,Female,2015,1,6,0,nonSTEM,1,37,0
343,Female,2016,0,1,0,nonSTEM,2,38,0
343,Female,2017,1,2,0,nonSTEM,2,39,0
343,Female,2018,0,1,0,nonSTEM,3,40,0
343,Female,2019,0,2,0,nonSTEM,3,41,0
343,Female,2020,0,3,0,nonSTEM,3,42,0
343,Female,2021,0,4,0,nonSTEM,3,43,0
343,Female,2022,0,5,0,nonSTEM,3,44,0
343,Female,2023,0,6,0,nonSTEM,3,45,0
343,Female,2024,0,7,0,nonSTEM,3,46,0
343,Female,2025,0,8,1,nonSTEM,3,47,0
344,Male,2008,0,1,0,nonSTEM,1,30,0
344,Male,2009,0,2,0,nonSTEM,1,31,0
344,Male,2010,0,3,0,nonSTEM,1,32,0
344,Male,2011,0,4,0,nonSTEM,1,33,0
344,Male,2012,0,5,0,nonSTEM,1,34,0
344,Male,2013,1,6,0,nonSTEM,1,35,0
344,Male,2014,0,1,0,nonSTEM,2,36,0
344,Male,2015,0,2,0,nonSTEM,2,37,0
344,Male,2016,0,3,0,nonSTEM,2,38,0
344,Male,2017,1,4,0,nonSTEM,2,39,0
344,Male,2018,0,1,0,nonSTEM,3,40,0
344,Male,2019,1,2,0,nonSTEM,3,41,0
344,Male,2020,0,1,0,nonSTEM,4,42,0
344,Male,2021,0,2,0,nonSTEM,4,43,0
344,Male,2022,0,3,0,nonSTEM,4,44,0
344,Male,2023,0,4,0,nonSTEM,4,45,0
344,Male,2024,0,5,0,nonSTEM,4,46,0
344,Male,2025,0,6,1,nonSTEM,4,47,0
345,Female,2000,0,1,0,nonSTEM,1,35,0
345,Female,2001,0,2,0,nonSTEM,1,36,0
345,Female,2002,0,3,0,nonSTEM,1,37,0
345,Female,2003,0,4,0,nonSTEM,1,38,0
345,Female,2004,0,5,0,nonSTEM,1,39,0
345,Female,2005,0,6,0,nonSTEM,1,40,0
345,Female,2006,1,7,0,nonSTEM,1,41,0
345,Female,2007,0,1,0,nonSTEM,2,42,0
345,Female,2008,0,2,0,nonSTEM,2,43,0
345,Female,2009,0,3,0,nonSTEM,2,44,0
345,Female,2010,1,4,0,nonSTEM,2,45,0
345,Female,2011,0,1,0,nonSTEM,3,46,0
345,Female,2012,0,2,0,nonSTEM,3,47,0
345,Female,2013,0,3,0,nonSTEM,3,48,0
345,Female,2014,0,4,0,nonSTEM,3,49,0
345,Female,2015,0,5,0,nonSTEM,3,50,0
345,Female,2016,0,6,0,nonSTEM,3,51,0
345,Female,2017,1,7,0,nonSTEM,3,52,0
345,Female,2018,0,1,0,nonSTEM,4,53,0
345,Female,2019,0,2,0,nonSTEM,4,54,0
345,Female,2020,0,3,0,nonSTEM,4,55,0
345,Female,2021,0,4,0,nonSTEM,4,56,0
345,Female,2022,0,5,0,nonSTEM,4,57,0
345,Female,2023,0,6,1,nonSTEM,4,58,0
346,Female,1995,0,1,0,STEM,1,31,0
346,Female,1996,0,2,0,STEM,1,32,0
346,Female,1997,0,3,0,STEM,1,33,0
346,Female,1998,0,4,0,STEM,1,34,0
346,Female,1999,0,5,0,STEM,1,35,0
346,Female,2000,0,6,0,STEM,1,36,0
346,Female,2001,0,7,0,STEM,1,37,0
346,Female,2002,1,8,0,STEM,1,38,0
346,Female,2003,0,1,0,STEM,2,39,0
346,Female,2004,0,2,0,STEM,2,40,0
346,Female,2005,0,3,0,STEM,2,41,0
346,Female,2006,0,4,0,STEM,2,42,0
346,Female,2007,0,5,0,STEM,2,43,0
346,Female,2008,0,6,0,STEM,2,44,0
346,Female,2009,0,7,0,STEM,2,45,0
346,Female,2010,0,8,0,STEM,2,46,0
346,Female,2011,1,9,0,STEM,2,47,0
346,Female,2012,0,1,0,STEM,3,48,0
346,Female,2013,0,2,0,STEM,3,49,0
346,Female,2014,0,3,0,STEM,3,50,0
346,Female,2015,0,4,0,STEM,3,51,0
346,Female,2016,0,5,0,STEM,3,52,0
346,Female,2017,0,6,0,STEM,3,53,0
346,Female,2018,0,7,0,STEM,3,54,0
346,Female,2019,0,8,0,STEM,3,55,0
346,Female,2020,0,9,0,STEM,3,56,0
346,Female,2021,1,10,0,STEM,3,57,0
346,Female,2022,0,1,0,STEM,4,58,0
346,Female,2023,0,2,0,STEM,4,59,0
346,Female,2024,0,3,1,STEM,4,60,0
347,Male,2003,0,1,0,STEM,1,30,0
347,Male,2004,0,2,0,STEM,1,31,0
347,Male,2005,0,3,0,STEM,1,32,0
347,Male,2006,0,4,0,STEM,1,33,0
347,Male,2007,0,5,0,STEM,1,34,0
347,Male,2008,0,6,0,STEM,1,35,0
347,Male,2009,1,7,1,STEM,1,36,0
348,Male,2006,0,1,0,nonSTEM,1,34,0
348,Male,2007,0,2,0,nonSTEM,1,35,0
348,Male,2008,0,3,0,nonSTEM,1,36,0
348,Male,2009,0,4,0,nonSTEM,1,37,0
348,Male,2010,0,5,0,nonSTEM,1,38,0
348,Male,2011,1,6,0,nonSTEM,1,39,0
348,Male,2012,0,1,0,nonSTEM,2,40,0
348,Male,2013,0,2,0,nonSTEM,2,41,0
348,Male,2014,0,3,0,nonSTEM,2,42,0
348,Male,2015,0,4,0,nonSTEM,2,43,0
348,Male,2016,0,5,0,nonSTEM,2,44,0
348,Male,2017,0,6,0,nonSTEM,2,45,0
348,Male,2018,0,7,0,nonSTEM,2,46,0
348,Male,2019,0,8,0,nonSTEM,2,47,0
348,Male,2020,1,9,0,nonSTEM,2,48,0
348,Male,2021,0,1,0,nonSTEM,3,49,0
348,Male,2022,0,2,0,nonSTEM,3,50,0
348,Male,2023,0,3,0,nonSTEM,3,51,0
348,Male,2024,0,4,0,nonSTEM,3,52,0
348,Male,2025,0,5,1,nonSTEM,3,53,0
349,Female,2004,0,1,0,nonSTEM,1,30,0
349,Female,2005,0,2,0,nonSTEM,1,31,0
349,Female,2006,0,3,0,nonSTEM,1,32,0
349,Female,2007,0,4,0,nonSTEM,1,33,0
349,Female,2008,0,5,0,nonSTEM,1,34,0
349,Female,2009,0,6,0,nonSTEM,1,35,0
349,Female,2010,1,7,0,nonSTEM,1,36,0
349,Female,2011,0,1,0,nonSTEM,2,37,0
349,Female,2012,0,2,0,nonSTEM,2,38,0
349,Female,2013,0,3,1,nonSTEM,2,39,0
350,Female,2006,0,1,0,nonSTEM,1,36,0
350,Female,2007,0,2,0,nonSTEM,1,37,0
350,Female,2008,1,3,0,nonSTEM,1,38,0
350,Female,2009,0,1,0,nonSTEM,2,39,0
350,Female,2010,0,2,0,nonSTEM,2,40,0
350,Female,2011,0,3,0,nonSTEM,2,41,0
350,Female,2012,0,4,0,nonSTEM,2,42,0
350,Female,2013,0,5,0,nonSTEM,2,43,0
350,Female,2014,0,6,0,nonSTEM,2,44,0
350,Female,2015,1,7,0,nonSTEM,2,45,0
350,Female,2016,0,1,0,nonSTEM,3,46,0
350,Female,2017,0,2,0,nonSTEM,3,47,0
350,Female,2018,0,3,0,nonSTEM,3,48,0
350,Female,2019,0,4,0,nonSTEM,3,49,0
350,Female,2020,0,5,0,nonSTEM,3,50,0
350,Female,2021,0,6,0,nonSTEM,3,51,0
350,Female,2022,1,7,0,nonSTEM,3,52,0
350,Female,2023,0,1,0,nonSTEM,4,53,0
350,Female,2024,0,2,0,nonSTEM,4,54,0
350,Female,2025,0,3,1,nonSTEM,4,55,0
351,Male,2002,0,1,0,nonSTEM,1,29,0
351,Male,2003,0,2,0,nonSTEM,1,30,0
351,Male,2004,0,3,0,nonSTEM,1,31,0
351,Male,2005,0,4,0,nonSTEM,1,32,0
351,Male,2006,1,5,0,nonSTEM,1,33,0
351,Male,2007,0,1,0,nonSTEM,2,34,0
351,Male,2008,0,2,0,nonSTEM,2,35,0
351,Male,2009,0,3,0,nonSTEM,2,36,0
351,Male,2010,0,4,0,nonSTEM,2,37,0
351,Male,2011,0,5,0,nonSTEM,2,38,0
351,Male,2012,0,6,0,nonSTEM,2,39,0
351,Male,2013,0,7,0,nonSTEM,2,40,0
351,Male,2014,0,8,0,nonSTEM,2,41,0
351,Male,2015,1,9,0,nonSTEM,2,42,0
351,Male,2016,0,1,0,nonSTEM,3,43,0
351,Male,2017,0,2,0,nonSTEM,3,44,0
351,Male,2018,0,3,0,nonSTEM,3,45,0
351,Male,2019,0,4,0,nonSTEM,3,46,0
351,Male,2020,0,5,1,nonSTEM,3,47,0
352,Male,2001,0,1,0,STEM,1,29,0
352,Male,2002,0,2,0,STEM,1,30,0
352,Male,2003,0,3,0,STEM,1,31,0
352,Male,2004,0,4,0,STEM,1,32,0
352,Male,2005,1,5,1,STEM,1,33,0
353,Female,2007,0,1,0,nonSTEM,1,36,0
353,Female,2008,0,2,0,nonSTEM,1,37,0
353,Female,2009,0,3,0,nonSTEM,1,38,0
353,Female,2010,0,4,0,nonSTEM,1,39,0
353,Female,2011,0,5,0,nonSTEM,1,40,0
353,Female,2012,0,6,0,nonSTEM,1,41,0
353,Female,2013,0,7,0,nonSTEM,1,42,0
353,Female,2014,0,8,0,nonSTEM,1,43,0
353,Female,2015,1,9,0,nonSTEM,1,44,0
353,Female,2016,0,1,0,nonSTEM,2,45,0
353,Female,2017,0,2,0,nonSTEM,2,46,0
353,Female,2018,0,3,0,nonSTEM,2,47,0
353,Female,2019,0,4,0,nonSTEM,2,48,0
353,Female,2020,0,5,0,nonSTEM,2,49,0
353,Female,2021,0,6,0,nonSTEM,2,50,0
353,Female,2022,0,7,0,nonSTEM,2,51,0
353,Female,2023,0,8,1,nonSTEM,2,52,0
354,Male,2009,0,1,0,nonSTEM,1,33,0
354,Male,2010,0,2,0,nonSTEM,1,34,0
354,Male,2011,0,3,0,nonSTEM,1,35,0
354,Male,2012,1,4,0,nonSTEM,1,36,0
354,Male,2013,0,1,0,nonSTEM,2,37,0
354,Male,2014,0,2,0,nonSTEM,2,38,0
354,Male,2015,0,3,0,nonSTEM,2,39,0
354,Male,2016,0,4,0,nonSTEM,2,40,0
354,Male,2017,0,5,0,nonSTEM,2,41,0
354,Male,2018,0,6,0,nonSTEM,2,42,0
354,Male,2019,0,7,0,nonSTEM,2,43,0
354,Male,2020,0,8,0,nonSTEM,2,44,0
354,Male,2021,0,9,0,nonSTEM,2,45,0
354,Male,2022,1,10,0,nonSTEM,2,46,0
354,Male,2023,0,1,0,nonSTEM,3,47,0
354,Male,2024,0,2,0,nonSTEM,3,48,0
354,Male,2025,1,3,1,nonSTEM,3,49,0
355,Female,2010,0,1,0,nonSTEM,1,38,0
355,Female,2011,0,2,0,nonSTEM,1,39,0
355,Female,2012,0,3,0,nonSTEM,1,40,0
355,Female,2013,0,4,0,nonSTEM,1,41,0
355,Female,2014,1,5,1,nonSTEM,1,42,0
356,Female,2003,0,1,0,nonSTEM,1,32,0
356,Female,2004,0,2,0,nonSTEM,1,33,0
356,Female,2005,0,3,0,nonSTEM,1,34,0
356,Female,2006,0,4,0,nonSTEM,1,35,0
356,Female,2007,1,5,0,nonSTEM,1,36,0
356,Female,2008,0,1,0,nonSTEM,2,37,0
356,Female,2009,0,2,0,nonSTEM,2,38,0
356,Female,2010,0,3,0,nonSTEM,2,39,0
356,Female,2011,0,4,0,nonSTEM,2,40,0
356,Female,2012,0,5,0,nonSTEM,2,41,0
356,Female,2013,0,6,0,nonSTEM,2,42,0
356,Female,2014,0,7,0,nonSTEM,2,43,0
356,Female,2015,0,8,0,nonSTEM,2,44,0
356,Female,2016,1,9,0,nonSTEM,2,45,0
356,Female,2017,0,1,0,nonSTEM,3,46,0
356,Female,2018,0,2,0,nonSTEM,3,47,0
356,Female,2019,0,3,0,nonSTEM,3,48,0
356,Female,2020,0,4,0,nonSTEM,3,49,0
356,Female,2021,0,5,0,nonSTEM,3,50,0
356,Female,2022,0,6,0,nonSTEM,3,51,0
356,Female,2023,0,7,1,nonSTEM,3,52,0
357,Male,1998,0,1,0,STEM,1,29,0
357,Male,1999,0,2,0,STEM,1,30,0
357,Male,2000,0,3,0,STEM,1,31,0
357,Male,2001,0,4,0,STEM,1,32,0
357,Male,2002,0,5,0,STEM,1,33,0
357,Male,2003,0,6,0,STEM,1,34,0
357,Male,2004,1,7,0,STEM,1,35,0
357,Male,2005,0,1,0,STEM,2,36,0
357,Male,2006,0,2,0,STEM,2,37,0
357,Male,2007,1,3,0,STEM,2,38,0
357,Male,2008,0,1,0,STEM,3,39,0
357,Male,2009,0,2,0,STEM,3,40,0
357,Male,2010,0,3,0,STEM,3,41,0
357,Male,2011,0,4,0,STEM,3,42,0
357,Male,2012,0,5,1,STEM,3,43,0
358,Male,1999,0,1,0,nonSTEM,1,28,0
358,Male,2000,0,2,0,nonSTEM,1,29,0
358,Male,2001,0,3,0,nonSTEM,1,30,0
358,Male,2002,0,4,0,nonSTEM,1,31,0
358,Male,2003,0,5,0,nonSTEM,1,32,0
358,Male,2004,1,6,0,nonSTEM,1,33,0
358,Male,2005,0,1,0,nonSTEM,2,34,0
358,Male,2006,0,2,0,nonSTEM,2,35,0
358,Male,2007,0,3,1,nonSTEM,2,36,0
359,Male,2013,0,1,0,nonSTEM,1,30,0
359,Male,2014,0,2,0,nonSTEM,1,31,0
359,Male,2015,0,3,0,nonSTEM,1,32,0
359,Male,2016,0,4,0,nonSTEM,1,33,0
359,Male,2017,0,5,1,nonSTEM,1,34,0
360,Female,2006,0,1,0,nonSTEM,1,36,0
360,Female,2007,0,2,0,nonSTEM,1,37,0
360,Female,2008,0,3,0,nonSTEM,1,38,0
360,Female,2009,0,4,0,nonSTEM,1,39,0
360,Female,2010,0,5,0,nonSTEM,1,40,0
360,Female,2011,0,6,0,nonSTEM,1,41,0
360,Female,2012,0,7,0,nonSTEM,1,42,0
360,Female,2013,1,8,0,nonSTEM,1,43,0
360,Female,2014,0,1,0,nonSTEM,2,44,0
360,Female,2015,0,2,0,nonSTEM,2,45,0
360,Female,2016,0,3,0,nonSTEM,2,46,0
360,Female,2017,0,4,0,nonSTEM,2,47,0
360,Female,2018,0,5,1,nonSTEM,2,48,0
361,Male,1996,0,1,0,STEM,1,28,0
361,Male,1997,0,2,0,STEM,1,29,0
361,Male,1998,0,3,0,STEM,1,30,0
361,Male,1999,0,4,0,STEM,1,31,0
361,Male,2000,0,5,0,STEM,1,32,0
361,Male,2001,0,6,0,STEM,1,33,0
361,Male,2002,0,7,0,STEM,1,34,0
361,Male,2003,0,8,0,STEM,1,35,0
361,Male,2004,1,9,0,STEM,1,36,0
361,Male,2005,0,1,0,STEM,2,37,0
361,Male,2006,0,2,0,STEM,2,38,0
361,Male,2007,0,3,0,STEM,2,39,0
361,Male,2008,0,4,0,STEM,2,40,0
361,Male,2009,0,5,0,STEM,2,41,0
361,Male,2010,0,6,0,STEM,2,42,0
361,Male,2011,0,7,0,STEM,2,43,0
361,Male,2012,0,8,1,STEM,2,44,0
362,Male,1994,0,1,0,nonSTEM,1,27,0
362,Male,1995,0,2,0,nonSTEM,1,28,0
362,Male,1996,0,3,0,nonSTEM,1,29,0
362,Male,1997,0,4,0,nonSTEM,1,30,0
362,Male,1998,1,5,0,nonSTEM,1,31,0
362,Male,1999,0,1,0,nonSTEM,2,32,0
362,Male,2000,0,2,0,nonSTEM,2,33,0
362,Male,2001,0,3,0,nonSTEM,2,34,0
362,Male,2002,0,4,0,nonSTEM,2,35,0
362,Male,2003,0,5,0,nonSTEM,2,36,0
362,Male,2004,0,6,0,nonSTEM,2,37,0
362,Male,2005,0,7,0,nonSTEM,2,38,0
362,Male,2006,0,8,0,nonSTEM,2,39,0
362,Male,2007,1,9,0,nonSTEM,2,40,0
362,Male,2008,0,1,0,nonSTEM,3,41,0
362,Male,2009,0,2,0,nonSTEM,3,42,0
362,Male,2010,0,3,0,nonSTEM,3,43,0
362,Male,2011,0,4,0,nonSTEM,3,44,0
362,Male,2012,0,5,0,nonSTEM,3,45,0
362,Male,2013,0,6,0,nonSTEM,3,46,0
362,Male,2014,0,7,0,nonSTEM,3,47,0
362,Male,2015,0,8,0,nonSTEM,3,48,0
362,Male,2016,0,9,0,nonSTEM,3,49,0
362,Male,2017,0,10,0,nonSTEM,3,50,0
362,Male,2018,1,11,1,nonSTEM,3,51,0
363,Female,2009,0,1,0,nonSTEM,1,32,0
363,Female,2010,0,2,0,nonSTEM,1,33,0
363,Female,2011,0,3,0,nonSTEM,1,34,0
363,Female,2012,0,4,0,nonSTEM,1,35,0
363,Female,2013,0,5,0,nonSTEM,1,36,0
363,Female,2014,0,6,0,nonSTEM,1,37,0
363,Female,2015,1,7,0,nonSTEM,1,38,0
363,Female,2016,0,1,0,nonSTEM,2,39,0
363,Female,2017,0,2,0,nonSTEM,2,40,0
363,Female,2018,0,3,0,nonSTEM,2,41,0
363,Female,2019,1,4,0,nonSTEM,2,42,0
363,Female,2020,0,1,0,nonSTEM,3,43,0
363,Female,2021,0,2,0,nonSTEM,3,44,0
363,Female,2022,0,3,0,nonSTEM,3,45,0
363,Female,2023,0,4,0,nonSTEM,3,46,0
363,Female,2024,0,5,0,nonSTEM,3,47,0
363,Female,2025,0,6,1,nonSTEM,3,48,0
364,Female,2012,0,1,0,nonSTEM,1,33,0
364,Female,2013,0,2,0,nonSTEM,1,34,0
364,Female,2014,0,3,0,nonSTEM,1,35,0
364,Female,2015,0,4,0,nonSTEM,1,36,0
364,Female,2016,0,5,0,nonSTEM,1,37,0
364,Female,2017,0,6,0,nonSTEM,1,38,0
364,Female,2018,0,7,0,nonSTEM,1,39,0
364,Female,2019,0,8,0,nonSTEM,1,40,0
364,Female,2020,1,9,0,nonSTEM,1,41,0
364,Female,2021,1,1,0,nonSTEM,2,42,0
364,Female,2022,0,1,0,nonSTEM,3,43,0
364,Female,2023,0,2,0,nonSTEM,3,44,0
364,Female,2024,0,3,0,nonSTEM,3,45,0
364,Female,2025,1,4,1,nonSTEM,3,46,0
365,Female,2003,1,1,0,STEM,1,35,0
365,Female,2004,0,1,0,STEM,2,36,0
365,Female,2005,0,2,0,STEM,2,37,0
365,Female,2006,0,3,0,STEM,2,38,0
365,Female,2007,0,4,0,STEM,2,39,0
365,Female,2008,0,5,0,STEM,2,40,0
365,Female,2009,1,6,0,STEM,2,41,0
365,Female,2010,0,1,0,STEM,3,42,0
365,Female,2011,0,2,0,STEM,3,43,0
365,Female,2012,0,3,0,STEM,3,44,0
365,Female,2013,0,4,0,STEM,3,45,0
365,Female,2014,0,5,0,STEM,3,46,0
365,Female,2015,1,6,0,STEM,3,47,0
365,Female,2016,0,1,0,STEM,4,48,0
365,Female,2017,0,2,1,STEM,4,49,0
366,Male,2000,0,1,0,STEM,1,37,0
366,Male,2001,0,2,0,STEM,1,38,0
366,Male,2002,0,3,0,STEM,1,39,0
366,Male,2003,0,4,0,STEM,1,40,0
366,Male,2004,0,5,0,STEM,1,41,0
366,Male,2005,0,6,0,STEM,1,42,0
366,Male,2006,1,7,0,STEM,1,43,0
366,Male,2007,0,1,0,STEM,2,44,0
366,Male,2008,0,2,0,STEM,2,45,0
366,Male,2009,0,3,0,STEM,2,46,0
366,Male,2010,0,4,0,STEM,2,47,0
366,Male,2011,0,5,0,STEM,2,48,0
366,Male,2012,0,6,0,STEM,2,49,0
366,Male,2013,0,7,0,STEM,2,50,0
366,Male,2014,1,8,0,STEM,2,51,0
366,Male,2015,0,1,0,STEM,3,52,0
366,Male,2016,0,2,0,STEM,3,53,0
366,Male,2017,0,3,0,STEM,3,54,0
366,Male,2018,0,4,0,STEM,3,55,0
366,Male,2019,0,5,0,STEM,3,56,0
366,Male,2020,0,6,1,STEM,3,57,0
367,Female,1998,1,1,0,STEM,1,35,0
367,Female,1999,0,1,0,STEM,2,36,0
367,Female,2000,0,2,0,STEM,2,37,0
367,Female,2001,0,3,0,STEM,2,38,0
367,Female,2002,0,4,0,STEM,2,39,0
367,Female,2003,0,5,0,STEM,2,40,0
367,Female,2004,0,6,0,STEM,2,41,0
367,Female,2005,0,7,0,STEM,2,42,0
367,Female,2006,0,8,0,STEM,2,43,0
367,Female,2007,0,9,0,STEM,2,44,0
367,Female,2008,1,10,0,STEM,2,45,0
367,Female,2009,0,1,0,STEM,3,46,0
367,Female,2010,0,2,0,STEM,3,47,0
367,Female,2011,0,3,0,STEM,3,48,0
367,Female,2012,0,4,0,STEM,3,49,0
367,Female,2013,0,5,1,STEM,3,50,0
368,Female,2000,0,1,0,STEM,1,30,0
368,Female,2001,0,2,0,STEM,1,31,0
368,Female,2002,0,3,0,STEM,1,32,0
368,Female,2003,0,4,0,STEM,1,33,0
368,Female,2004,0,5,0,STEM,1,34,0
368,Female,2005,0,6,0,STEM,1,35,0
368,Female,2006,1,7,0,STEM,1,36,0
368,Female,2007,0,1,0,STEM,2,37,0
368,Female,2008,0,2,0,STEM,2,38,0
368,Female,2009,0,3,0,STEM,2,39,0
368,Female,2010,0,4,0,STEM,2,40,0
368,Female,2011,0,5,0,STEM,2,41,0
368,Female,2012,0,6,0,STEM,2,42,0
368,Female,2013,0,7,0,STEM,2,43,0
368,Female,2014,1,8,0,STEM,2,44,0
368,Female,2015,0,1,0,STEM,3,45,0
368,Female,2016,0,2,0,STEM,3,46,0
368,Female,2017,0,3,0,STEM,3,47,0
368,Female,2018,1,4,0,STEM,3,48,0
368,Female,2019,0,1,0,STEM,4,49,0
368,Female,2020,0,2,1,STEM,4,50,0
369,Male,2012,0,1,0,STEM,1,28,0
369,Male,2013,0,2,0,STEM,1,29,0
369,Male,2014,0,3,0,STEM,1,30,0
369,Male,2015,0,4,0,STEM,1,31,0
369,Male,2016,1,5,0,STEM,1,32,0
369,Male,2017,0,1,0,STEM,2,33,0
369,Male,2018,0,2,0,STEM,2,34,0
369,Male,2019,0,3,0,STEM,2,35,0
369,Male,2020,0,4,0,STEM,2,36,0
369,Male,2021,0,5,0,STEM,2,37,0
369,Male,2022,0,6,0,STEM,2,38,0
369,Male,2023,0,7,0,STEM,2,39,0
369,Male,2024,0,8,0,STEM,2,40,0
369,Male,2025,1,9,1,STEM,2,41,0
370,Female,1991,0,1,0,STEM,1,33,0
370,Female,1992,0,2,0,STEM,1,34,0
370,Female,1993,0,3,0,STEM,1,35,0
370,Female,1994,0,4,0,STEM,1,36,0
370,Female,1995,0,5,0,STEM,1,37,0
370,Female,1996,0,6,0,STEM,1,38,0
370,Female,1997,1,7,0,STEM,1,39,0
370,Female,1998,0,1,0,STEM,2,40,0
370,Female,1999,0,2,0,STEM,2,41,0
370,Female,2000,0,3,0,STEM,2,42,0
370,Female,2001,0,4,0,STEM,2,43,0
370,Female,2002,0,5,0,STEM,2,44,0
370,Female,2003,0,6,0,STEM,2,45,0
370,Female,2004,1,7,0,STEM,2,46,0
370,Female,2005,0,1,0,STEM,3,47,0
370,Female,2006,0,2,0,STEM,3,48,0
370,Female,2007,0,3,0,STEM,3,49,0
370,Female,2008,0,4,0,STEM,3,50,0
370,Female,2009,0,5,0,STEM,3,51,0
370,Female,2010,0,6,0,STEM,3,52,0
370,Female,2011,0,7,0,STEM,3,53,0
370,Female,2012,0,8,0,STEM,3,54,0
370,Female,2013,0,9,0,STEM,3,55,0
370,Female,2014,0,10,0,STEM,3,56,0
370,Female,2015,0,11,0,STEM,3,57,0
370,Female,2016,0,12,1,STEM,3,58,0
371,Female,1990,0,1,0,nonSTEM,1,37,0
371,Female,1991,0,2,0,nonSTEM,1,38,0
371,Female,1992,0,3,0,nonSTEM,1,39,0
371,Female,1993,0,4,0,nonSTEM,1,40,0
371,Female,1994,0,5,0,nonSTEM,1,41,0
371,Female,1995,1,6,0,nonSTEM,1,42,0
371,Female,1996,0,1,0,nonSTEM,2,43,0
371,Female,1997,0,2,0,nonSTEM,2,44,0
371,Female,1998,0,3,0,nonSTEM,2,45,0
371,Female,1999,0,4,0,nonSTEM,2,46,0
371,Female,2000,0,5,0,nonSTEM,2,47,0
371,Female,2001,0,6,0,nonSTEM,2,48,0
371,Female,2002,0,7,0,nonSTEM,2,49,0
371,Female,2003,1,8,0,nonSTEM,2,50,0
371,Female,2004,0,1,0,nonSTEM,3,51,0
371,Female,2005,1,2,0,nonSTEM,3,52,0
371,Female,2006,0,1,0,nonSTEM,4,53,0
371,Female,2007,0,2,0,nonSTEM,4,54,0
371,Female,2008,0,3,0,nonSTEM,4,55,0
371,Female,2009,0,4,0,nonSTEM,4,56,0
371,Female,2010,0,5,1,nonSTEM,4,57,0
372,Male,2016,0,1,0,STEM,1,34,0
372,Male,2017,1,2,0,STEM,1,35,0
372,Male,2018,0,1,0,STEM,2,36,0
372,Male,2019,0,2,0,STEM,2,37,0
372,Male,2020,0,3,0,STEM,2,38,0
372,Male,2021,0,4,0,STEM,2,39,0
372,Male,2022,0,5,0,STEM,2,40,0
372,Male,2023,0,6,0,STEM,2,41,0
372,Male,2024,0,7,0,STEM,2,42,0
372,Male,2025,1,8,1,STEM,2,43,0
373,Male,2007,0,1,0,STEM,1,30,0
373,Male,2008,0,2,0,STEM,1,31,0
373,Male,2009,0,3,0,STEM,1,32,0
373,Male,2010,0,4,0,STEM,1,33,0
373,Male,2011,0,5,0,STEM,1,34,0
373,Male,2012,0,6,0,STEM,1,35,0
373,Male,2013,0,7,0,STEM,1,36,0
373,Male,2014,1,8,0,STEM,1,37,0
373,Male,2015,0,1,0,STEM,2,38,0
373,Male,2016,0,2,0,STEM,2,39,0
373,Male,2017,0,3,0,STEM,2,40,0
373,Male,2018,0,4,0,STEM,2,41,0
373,Male,2019,0,5,1,STEM,2,42,0
374,Male,1998,0,1,0,nonSTEM,1,34,0
374,Male,1999,0,2,0,nonSTEM,1,35,0
374,Male,2000,0,3,0,nonSTEM,1,36,0
374,Male,2001,0,4,0,nonSTEM,1,37,0
374,Male,2002,0,5,0,nonSTEM,1,38,0
374,Male,2003,0,6,0,nonSTEM,1,39,0
374,Male,2004,0,7,0,nonSTEM,1,40,0
374,Male,2005,0,8,0,nonSTEM,1,41,0
374,Male,2006,0,9,0,nonSTEM,1,42,0
374,Male,2007,1,10,0,nonSTEM,1,43,0
374,Male,2008,0,1,0,nonSTEM,2,44,0
374,Male,2009,0,2,0,nonSTEM,2,45,0
374,Male,2010,0,3,0,nonSTEM,2,46,0
374,Male,2011,0,4,0,nonSTEM,2,47,0
374,Male,2012,0,5,0,nonSTEM,2,48,0
374,Male,2013,0,6,0,nonSTEM,2,49,0
374,Male,2014,0,7,0,nonSTEM,2,50,0
374,Male,2015,1,8,0,nonSTEM,2,51,0
374,Male,2016,0,1,1,nonSTEM,3,52,0
375,Male,2013,0,1,0,STEM,1,33,0
375,Male,2014,0,2,0,STEM,1,34,0
375,Male,2015,0,3,0,STEM,1,35,0
375,Male,2016,0,4,0,STEM,1,36,0
375,Male,2017,0,5,0,STEM,1,37,0
375,Male,2018,0,6,0,STEM,1,38,0
375,Male,2019,1,7,0,STEM,1,39,0
375,Male,2020,0,1,0,STEM,2,40,0
375,Male,2021,0,2,0,STEM,2,41,0
375,Male,2022,0,3,0,STEM,2,42,0
375,Male,2023,0,4,0,STEM,2,43,0
375,Male,2024,0,5,0,STEM,2,44,0
375,Male,2025,0,6,1,STEM,2,45,0
376,Female,1995,0,1,0,nonSTEM,1,26,0
376,Female,1996,0,2,0,nonSTEM,1,27,0
376,Female,1997,0,3,0,nonSTEM,1,28,0
376,Female,1998,0,4,0,nonSTEM,1,29,0
376,Female,1999,0,5,0,nonSTEM,1,30,0
376,Female,2000,0,6,0,nonSTEM,1,31,0
376,Female,2001,0,7,0,nonSTEM,1,32,0
376,Female,2002,0,8,0,nonSTEM,1,33,0
376,Female,2003,1,9,0,nonSTEM,1,34,0
376,Female,2004,0,1,0,nonSTEM,2,35,0
376,Female,2005,0,2,0,nonSTEM,2,36,0
376,Female,2006,0,3,0,nonSTEM,2,37,0
376,Female,2007,0,4,0,nonSTEM,2,38,0
376,Female,2008,0,5,0,nonSTEM,2,39,0
376,Female,2009,0,6,0,nonSTEM,2,40,0
376,Female,2010,0,7,0,nonSTEM,2,41,0
376,Female,2011,1,8,1,nonSTEM,2,42,0
377,Male,1998,0,1,0,STEM,1,33,0
377,Male,1999,0,2,0,STEM,1,34,0
377,Male,2000,0,3,0,STEM,1,35,0
377,Male,2001,1,4,0,STEM,1,36,0
377,Male,2002,0,1,0,STEM,2,37,0
377,Male,2003,0,2,0,STEM,2,38,0
377,Male,2004,0,3,0,STEM,2,39,0
377,Male,2005,0,4,0,STEM,2,40,0
377,Male,2006,0,5,0,STEM,2,41,0
377,Male,2007,0,6,1,STEM,2,42,0
378,Female,2006,0,1,0,nonSTEM,1,36,0
378,Female,2007,0,2,0,nonSTEM,1,37,0
378,Female,2008,0,3,0,nonSTEM,1,38,0
378,Female,2009,0,4,0,nonSTEM,1,39,0
378,Female,2010,1,5,0,nonSTEM,1,40,0
378,Female,2011,0,1,0,nonSTEM,2,41,0
378,Female,2012,0,2,0,nonSTEM,2,42,0
378,Female,2013,0,3,0,nonSTEM,2,43,0
378,Female,2014,0,4,0,nonSTEM,2,44,0
378,Female,2015,0,5,0,nonSTEM,2,45,0
378,Female,2016,0,6,0,nonSTEM,2,46,0
378,Female,2017,0,7,0,nonSTEM,2,47,0
378,Female,2018,0,8,0,nonSTEM,2,48,0
378,Female,2019,0,9,0,nonSTEM,2,49,0
378,Female,2020,1,10,0,nonSTEM,2,50,0
378,Female,2021,0,1,1,nonSTEM,3,51,0
379,Female,1993,0,1,0,nonSTEM,1,34,0
379,Female,1994,0,2,0,nonSTEM,1,35,0
379,Female,1995,0,3,0,nonSTEM,1,36,0
379,Female,1996,0,4,0,nonSTEM,1,37,0
379,Female,1997,1,5,0,nonSTEM,1,38,0
379,Female,1998,0,1,0,nonSTEM,2,39,0
379,Female,1999,0,2,0,nonSTEM,2,40,0
379,Female,2000,0,3,0,nonSTEM,2,41,0
379,Female,2001,0,4,0,nonSTEM,2,42,0
379,Female,2002,0,5,0,nonSTEM,2,43,0
379,Female,2003,0,6,0,nonSTEM,2,44,0
379,Female,2004,0,7,0,nonSTEM,2,45,0
379,Female,2005,0,8,0,nonSTEM,2,46,0
379,Female,2006,0,9,0,nonSTEM,2,47,0
379,Female,2007,0,10,0,nonSTEM,2,48,0
379,Female,2008,1,11,0,nonSTEM,2,49,0
379,Female,2009,0,1,0,nonSTEM,3,50,0
379,Female,2010,0,2,0,nonSTEM,3,51,0
379,Female,2011,0,3,0,nonSTEM,3,52,0
379,Female,2012,0,4,0,nonSTEM,3,53,0
379,Female,2013,0,5,1,nonSTEM,3,54,0
380,Male,2013,0,1,0,nonSTEM,1,32,0
380,Male,2014,0,2,0,nonSTEM,1,33,0
380,Male,2015,0,3,0,nonSTEM,1,34,0
380,Male,2016,0,4,0,nonSTEM,1,35,0
380,Male,2017,0,5,0,nonSTEM,1,36,0
380,Male,2018,0,6,0,nonSTEM,1,37,0
380,Male,2019,0,7,0,nonSTEM,1,38,0
380,Male,2020,0,8,0,nonSTEM,1,39,0
380,Male,2021,1,9,0,nonSTEM,1,40,0
380,Male,2022,0,1,0,nonSTEM,2,41,0
380,Male,2023,0,2,0,nonSTEM,2,42,0
380,Male,2024,0,3,0,nonSTEM,2,43,0
380,Male,2025,0,4,1,nonSTEM,2,44,0
381,Female,2009,0,1,0,STEM,1,34,0
381,Female,2010,0,2,0,STEM,1,35,0
381,Female,2011,0,3,0,STEM,1,36,0
381,Female,2012,1,4,0,STEM,1,37,0
381,Female,2013,0,1,0,STEM,2,38,0
381,Female,2014,0,2,0,STEM,2,39,0
381,Female,2015,0,3,0,STEM,2,40,0
381,Female,2016,0,4,1,STEM,2,41,0
382,Male,2004,0,1,0,nonSTEM,1,31,0
382,Male,2005,0,2,0,nonSTEM,1,32,0
382,Male,2006,0,3,0,nonSTEM,1,33,0
382,Male,2007,0,4,0,nonSTEM,1,34,0
382,Male,2008,0,5,0,nonSTEM,1,35,0
382,Male,2009,1,6,0,nonSTEM,1,36,0
382,Male,2010,0,1,0,nonSTEM,2,37,0
382,Male,2011,0,2,0,nonSTEM,2,38,0
382,Male,2012,0,3,0,nonSTEM,2,39,0
382,Male,2013,0,4,0,nonSTEM,2,40,0
382,Male,2014,0,5,0,nonSTEM,2,41,0
382,Male,2015,0,6,0,nonSTEM,2,42,0
382,Male,2016,0,7,0,nonSTEM,2,43,0
382,Male,2017,0,8,0,nonSTEM,2,44,0
382,Male,2018,0,9,0,nonSTEM,2,45,0
382,Male,2019,0,10,1,nonSTEM,2,46,0
383,Male,2001,0,1,0,STEM,1,33,0
383,Male,2002,0,2,0,STEM,1,34,0
383,Male,2003,0,3,0,STEM,1,35,0
383,Male,2004,1,4,0,STEM,1,36,0
383,Male,2005,0,1,0,STEM,2,37,0
383,Male,2006,0,2,0,STEM,2,38,0
383,Male,2007,0,3,0,STEM,2,39,0
383,Male,2008,0,4,0,STEM,2,40,0
383,Male,2009,1,5,0,STEM,2,41,0
383,Male,2010,0,1,0,STEM,3,42,0
383,Male,2011,0,2,0,STEM,3,43,0
383,Male,2012,1,3,0,STEM,3,44,0
383,Male,2013,0,1,0,STEM,4,45,0
383,Male,2014,0,2,0,STEM,4,46,0
383,Male,2015,0,3,0,STEM,4,47,0
383,Male,2016,0,4,0,STEM,4,48,0
383,Male,2017,0,5,0,STEM,4,49,0
383,Male,2018,0,6,0,STEM,4,50,0
383,Male,2019,0,7,0,STEM,4,51,0
383,Male,2020,0,8,0,STEM,4,52,0
383,Male,2021,0,9,0,STEM,4,53,0
383,Male,2022,0,10,0,STEM,4,54,0
383,Male,2023,0,11,1,STEM,4,55,0
384,Male,2001,0,1,0,nonSTEM,1,26,0
384,Male,2002,0,2,0,nonSTEM,1,27,0
384,Male,2003,0,3,0,nonSTEM,1,28,0
384,Male,2004,0,4,0,nonSTEM,1,29,0
384,Male,2005,0,5,0,nonSTEM,1,30,0
384,Male,2006,1,6,0,nonSTEM,1,31,0
384,Male,2007,0,1,0,nonSTEM,2,32,0
384,Male,2008,0,2,0,nonSTEM,2,33,0
384,Male,2009,0,3,0,nonSTEM,2,34,0
384,Male,2010,1,4,0,nonSTEM,2,35,0
384,Male,2011,0,1,0,nonSTEM,3,36,0
384,Male,2012,0,2,0,nonSTEM,3,37,0
384,Male,2013,0,3,0,nonSTEM,3,38,0
384,Male,2014,0,4,0,nonSTEM,3,39,0
384,Male,2015,0,5,1,nonSTEM,3,40,0
385,Female,2006,0,1,0,STEM,1,30,0
385,Female,2007,0,2,0,STEM,1,31,0
385,Female,2008,0,3,0,STEM,1,32,0
385,Female,2009,1,4,0,STEM,1,33,0
385,Female,2010,0,1,0,STEM,2,34,0
385,Female,2011,0,2,0,STEM,2,35,0
385,Female,2012,0,3,0,STEM,2,36,0
385,Female,2013,0,4,0,STEM,2,37,0
385,Female,2014,0,5,0,STEM,2,38,0
385,Female,2015,0,6,0,STEM,2,39,0
385,Female,2016,0,7,0,STEM,2,40,0
385,Female,2017,1,8,0,STEM,2,41,0
385,Female,2018,0,1,0,STEM,3,42,0
385,Female,2019,0,2,0,STEM,3,43,0
385,Female,2020,0,3,0,STEM,3,44,0
385,Female,2021,0,4,0,STEM,3,45,0
385,Female,2022,0,5,0,STEM,3,46,0
385,Female,2023,0,6,0,STEM,3,47,0
385,Female,2024,1,7,0,STEM,3,48,0
385,Female,2025,0,1,1,STEM,4,49,0
386,Male,2007,0,1,0,STEM,1,28,0
386,Male,2008,0,2,0,STEM,1,29,0
386,Male,2009,0,3,0,STEM,1,30,0
386,Male,2010,0,4,0,STEM,1,31,0
386,Male,2011,1,5,0,STEM,1,32,0
386,Male,2012,0,1,0,STEM,2,33,0
386,Male,2013,0,2,0,STEM,2,34,0
386,Male,2014,0,3,0,STEM,2,35,0
386,Male,2015,0,4,0,STEM,2,36,0
386,Male,2016,0,5,0,STEM,2,37,0
386,Male,2017,0,6,0,STEM,2,38,0
386,Male,2018,1,7,0,STEM,2,39,0
386,Male,2019,0,1,0,STEM,3,40,0
386,Male,2020,0,2,0,STEM,3,41,0
386,Male,2021,0,3,0,STEM,3,42,0
386,Male,2022,0,4,0,STEM,3,43,0
386,Male,2023,0,5,0,STEM,3,44,0
386,Male,2024,0,6,0,STEM,3,45,0
386,Male,2025,0,7,1,STEM,3,46,0
387,Male,1994,0,1,0,STEM,1,28,0
387,Male,1995,0,2,0,STEM,1,29,0
387,Male,1996,1,3,0,STEM,1,30,0
387,Male,1997,0,1,0,STEM,2,31,0
387,Male,1998,0,2,0,STEM,2,32,0
387,Male,1999,0,3,0,STEM,2,33,0
387,Male,2000,0,4,0,STEM,2,34,0
387,Male,2001,0,5,0,STEM,2,35,0
387,Male,2002,0,6,0,STEM,2,36,0
387,Male,2003,0,7,0,STEM,2,37,0
387,Male,2004,0,8,1,STEM,2,38,0
388,Male,2005,0,1,0,STEM,1,28,0
388,Male,2006,0,2,0,STEM,1,29,0
388,Male,2007,0,3,0,STEM,1,30,0
388,Male,2008,0,4,0,STEM,1,31,0
388,Male,2009,0,5,0,STEM,1,32,0
388,Male,2010,0,6,0,STEM,1,33,0
388,Male,2011,1,7,0,STEM,1,34,0
388,Male,2012,0,1,0,STEM,2,35,0
388,Male,2013,0,2,0,STEM,2,36,0
388,Male,2014,1,3,0,STEM,2,37,0
388,Male,2015,0,1,0,STEM,3,38,0
388,Male,2016,1,2,0,STEM,3,39,0
388,Male,2017,0,1,0,STEM,4,40,0
388,Male,2018,0,2,0,STEM,4,41,0
388,Male,2019,0,3,0,STEM,4,42,0
388,Male,2020,0,4,0,STEM,4,43,0
388,Male,2021,0,5,0,STEM,4,44,0
388,Male,2022,0,6,0,STEM,4,45,0
388,Male,2023,0,7,1,STEM,4,46,0
389,Female,1992,0,1,0,nonSTEM,1,33,0
389,Female,1993,0,2,0,nonSTEM,1,34,0
389,Female,1994,0,3,0,nonSTEM,1,35,0
389,Female,1995,0,4,0,nonSTEM,1,36,0
389,Female,1996,1,5,0,nonSTEM,1,37,0
389,Female,1997,0,1,0,nonSTEM,2,38,0
389,Female,1998,0,2,0,nonSTEM,2,39,0
389,Female,1999,0,3,0,nonSTEM,2,40,0
389,Female,2000,0,4,0,nonSTEM,2,41,0
389,Female,2001,0,5,0,nonSTEM,2,42,0
389,Female,2002,0,6,0,nonSTEM,2,43,0
389,Female,2003,0,7,0,nonSTEM,2,44,0
389,Female,2004,0,8,0,nonSTEM,2,45,0
389,Female,2005,0,9,0,nonSTEM,2,46,0
389,Female,2006,0,10,0,nonSTEM,2,47,0
389,Female,2007,0,11,1,nonSTEM,2,48,0
390,Male,1992,0,1,0,STEM,1,27,0
390,Male,1993,0,2,0,STEM,1,28,0
390,Male,1994,0,3,0,STEM,1,29,0
390,Male,1995,0,4,0,STEM,1,30,0
390,Male,1996,1,5,0,STEM,1,31,0
390,Male,1997,0,1,0,STEM,2,32,0
390,Male,1998,0,2,0,STEM,2,33,0
390,Male,1999,0,3,0,STEM,2,34,0
390,Male,2000,0,4,0,STEM,2,35,0
390,Male,2001,0,5,0,STEM,2,36,0
390,Male,2002,0,6,0,STEM,2,37,0
390,Male,2003,0,7,0,STEM,2,38,0
390,Male,2004,0,8,0,STEM,2,39,0
390,Male,2005,1,9,0,STEM,2,40,0
390,Male,2006,0,1,0,STEM,3,41,0
390,Male,2007,0,2,0,STEM,3,42,0
390,Male,2008,0,3,0,STEM,3,43,0
390,Male,2009,0,4,0,STEM,3,44,0
390,Male,2010,0,5,0,STEM,3,45,0
390,Male,2011,0,6,0,STEM,3,46,0
390,Male,2012,0,7,0,STEM,3,47,0
390,Male,2013,0,8,0,STEM,3,48,0
390,Male,2014,0,9,0,STEM,3,49,0
390,Male,2015,1,10,0,STEM,3,50,0
390,Male,2016,0,1,0,STEM,4,51,0
390,Male,2017,0,2,1,STEM,4,52,0
391,Male,1995,0,1,0,nonSTEM,1,31,0
391,Male,1996,0,2,0,nonSTEM,1,32,0
391,Male,1997,0,3,0,nonSTEM,1,33,0
391,Male,1998,1,4,0,nonSTEM,1,34,0
391,Male,1999,0,1,0,nonSTEM,2,35,0
391,Male,2000,1,2,0,nonSTEM,2,36,0
391,Male,2001,0,1,0,nonSTEM,3,37,0
391,Male,2002,0,2,1,nonSTEM,3,38,0
392,Male,2007,0,1,0,STEM,1,32,0
392,Male,2008,0,2,0,STEM,1,33,0
392,Male,2009,0,3,0,STEM,1,34,0
392,Male,2010,0,4,0,STEM,1,35,0
392,Male,2011,0,5,0,STEM,1,36,0
392,Male,2012,1,6,0,STEM,1,37,0
392,Male,2013,0,1,0,STEM,2,38,0
392,Male,2014,0,2,0,STEM,2,39,0
392,Male,2015,0,3,0,STEM,2,40,0
392,Male,2016,0,4,0,STEM,2,41,0
392,Male,2017,1,5,0,STEM,2,42,0
392,Male,2018,0,1,0,STEM,3,43,0
392,Male,2019,0,2,0,STEM,3,44,0
392,Male,2020,0,3,0,STEM,3,45,0
392,Male,2021,0,4,0,STEM,3,46,0
392,Male,2022,0,5,0,STEM,3,47,0
392,Male,2023,0,6,0,STEM,3,48,0
392,Male,2024,0,7,0,STEM,3,49,0
392,Male,2025,1,8,1,STEM,3,50,0
393,Female,2009,0,1,0,nonSTEM,1,30,0
393,Female,2010,0,2,0,nonSTEM,1,31,0
393,Female,2011,0,3,0,nonSTEM,1,32,0
393,Female,2012,0,4,0,nonSTEM,1,33,0
393,Female,2013,0,5,0,nonSTEM,1,34,0
393,Female,2014,0,6,0,nonSTEM,1,35,0
393,Female,2015,1,7,0,nonSTEM,1,36,0
393,Female,2016,0,1,1,nonSTEM,2,37,0
394,Female,1990,0,1,0,nonSTEM,1,41,0
394,Female,1991,0,2,0,nonSTEM,1,42,0
394,Female,1992,0,3,0,nonSTEM,1,43,0
394,Female,1993,0,4,0,nonSTEM,1,44,0
394,Female,1994,0,5,0,nonSTEM,1,45,0
394,Female,1995,0,6,0,nonSTEM,1,46,0
394,Female,1996,0,7,0,nonSTEM,1,47,0
394,Female,1997,0,8,0,nonSTEM,1,48,0
394,Female,1998,0,9,0,nonSTEM,1,49,0
394,Female,1999,0,10,0,nonSTEM,1,50,0
394,Female,2000,1,11,0,nonSTEM,1,51,0
394,Female,2001,0,1,0,nonSTEM,2,52,0
394,Female,2002,0,2,0,nonSTEM,2,53,0
394,Female,2003,0,3,0,nonSTEM,2,54,0
394,Female,2004,0,4,0,nonSTEM,2,55,0
394,Female,2005,0,5,1,nonSTEM,2,56,0
395,Male,1991,0,1,0,nonSTEM,1,31,0
395,Male,1992,0,2,0,nonSTEM,1,32,0
395,Male,1993,0,3,0,nonSTEM,1,33,0
395,Male,1994,0,4,0,nonSTEM,1,34,0
395,Male,1995,0,5,0,nonSTEM,1,35,0
395,Male,1996,0,6,0,nonSTEM,1,36,0
395,Male,1997,0,7,0,nonSTEM,1,37,0
395,Male,1998,1,8,0,nonSTEM,1,38,0
395,Male,1999,0,1,0,nonSTEM,2,39,0
395,Male,2000,0,2,0,nonSTEM,2,40,0
395,Male,2001,0,3,0,nonSTEM,2,41,0
395,Male,2002,0,4,0,nonSTEM,2,42,0
395,Male,2003,0,5,0,nonSTEM,2,43,0
395,Male,2004,0,6,0,nonSTEM,2,44,0
395,Male,2005,0,7,0,nonSTEM,2,45,0
395,Male,2006,1,8,0,nonSTEM,2,46,0
395,Male,2007,0,1,0,nonSTEM,3,47,0
395,Male,2008,0,2,0,nonSTEM,3,48,0
395,Male,2009,0,3,0,nonSTEM,3,49,0
395,Male,2010,0,4,0,nonSTEM,3,50,0
395,Male,2011,0,5,1,nonSTEM,3,51,0
396,Male,2010,0,1,0,STEM,1,25,0
396,Male,2011,0,2,0,STEM,1,26,0
396,Male,2012,1,3,0,STEM,1,27,0
396,Male,2013,0,1,0,STEM,2,28,0
396,Male,2014,0,2,0,STEM,2,29,0
396,Male,2015,0,3,0,STEM,2,30,0
396,Male,2016,0,4,0,STEM,2,31,0
396,Male,2017,0,5,0,STEM,2,32,0
396,Male,2018,1,6,0,STEM,2,33,0
396,Male,2019,0,1,1,STEM,3,34,0
397,Male,2001,0,1,0,nonSTEM,1,31,0
397,Male,2002,0,2,0,nonSTEM,1,32,0
397,Male,2003,0,3,0,nonSTEM,1,33,0
397,Male,2004,0,4,0,nonSTEM,1,34,0
397,Male,2005,1,5,0,nonSTEM,1,35,0
397,Male,2006,0,1,0,nonSTEM,2,36,0
397,Male,2007,0,2,0,nonSTEM,2,37,0
397,Male,2008,0,3,0,nonSTEM,2,38,0
397,Male,2009,0,4,0,nonSTEM,2,39,0
397,Male,2010,0,5,0,nonSTEM,2,40,0
397,Male,2011,0,6,0,nonSTEM,2,41,0
397,Male,2012,0,7,0,nonSTEM,2,42,0
397,Male,2013,0,8,0,nonSTEM,2,43,0
397,Male,2014,1,9,0,nonSTEM,2,44,0
397,Male,2015,0,1,1,nonSTEM,3,45,0
398,Male,2004,0,1,0,nonSTEM,1,29,0
398,Male,2005,0,2,0,nonSTEM,1,30,0
398,Male,2006,0,3,0,nonSTEM,1,31,0
398,Male,2007,0,4,0,nonSTEM,1,32,0
398,Male,2008,0,5,0,nonSTEM,1,33,0
398,Male,2009,0,6,0,nonSTEM,1,34,0
398,Male,2010,0,7,0,nonSTEM,1,35,0
398,Male,2011,0,8,0,nonSTEM,1,36,0
398,Male,2012,0,9,0,nonSTEM,1,37,0
398,Male,2013,1,10,0,nonSTEM,1,38,0
398,Male,2014,0,1,0,nonSTEM,2,39,0
398,Male,2015,1,2,0,nonSTEM,2,40,0
398,Male,2016,0,1,0,nonSTEM,3,41,0
398,Male,2017,0,2,0,nonSTEM,3,42,0
398,Male,2018,0,3,0,nonSTEM,3,43,0
398,Male,2019,0,4,0,nonSTEM,3,44,0
398,Male,2020,0,5,0,nonSTEM,3,45,0
398,Male,2021,0,6,0,nonSTEM,3,46,0
398,Male,2022,0,7,0,nonSTEM,3,47,0
398,Male,2023,0,8,1,nonSTEM,3,48,0
399,Male,1998,0,1,0,STEM,1,28,0
399,Male,1999,0,2,0,STEM,1,29,0
399,Male,2000,0,3,0,STEM,1,30,0
399,Male,2001,0,4,0,STEM,1,31,0
399,Male,2002,0,5,0,STEM,1,32,0
399,Male,2003,0,6,0,STEM,1,33,0
399,Male,2004,1,7,0,STEM,1,34,0
399,Male,2005,0,1,0,STEM,2,35,0
399,Male,2006,0,2,0,STEM,2,36,0
399,Male,2007,0,3,0,STEM,2,37,0
399,Male,2008,0,4,0,STEM,2,38,0
399,Male,2009,0,5,1,STEM,2,39,0
400,Male,1998,0,1,0,nonSTEM,1,29,0
400,Male,1999,0,2,0,nonSTEM,1,30,0
400,Male,2000,0,3,0,nonSTEM,1,31,0
400,Male,2001,0,4,0,nonSTEM,1,32,0
400,Male,2002,0,5,0,nonSTEM,1,33,0
400,Male,2003,0,6,0,nonSTEM,1,34,0
400,Male,2004,1,7,0,nonSTEM,1,35,0
400,Male,2005,0,1,0,nonSTEM,2,36,0
400,Male,2006,0,2,0,nonSTEM,2,37,0
400,Male,2007,0,3,0,nonSTEM,2,38,0
400,Male,2008,0,4,0,nonSTEM,2,39,0
400,Male,2009,0,5,0,nonSTEM,2,40,0
400,Male,2010,1,6,0,nonSTEM,2,41,0
400,Male,2011,0,1,0,nonSTEM,3,42,0
400,Male,2012,0,2,0,nonSTEM,3,43,0
400,Male,2013,0,3,0,nonSTEM,3,44,0
400,Male,2014,0,4,0,nonSTEM,3,45,0
400,Male,2015,0,5,0,nonSTEM,3,46,0
400,Male,2016,0,6,0,nonSTEM,3,47,0
400,Male,2017,0,7,0,nonSTEM,3,48,0
400,Male,2018,0,8,0,nonSTEM,3,49,0
400,Male,2019,0,9,0,nonSTEM,3,50,0
400,Male,2020,0,10,0,nonSTEM,3,51,0
400,Male,2021,0,11,0,nonSTEM,3,52,0
400,Male,2022,1,12,0,nonSTEM,3,53,0
400,Male,2023,0,1,0,nonSTEM,4,54,0
400,Male,2024,0,2,0,nonSTEM,4,55,0
400,Male,2025,0,3,1,nonSTEM,4,56,0
